filename,label
Abuse_1.wav,No
Abuse_2.wav,Yes
Abuse_4.wav,Yes
Abuse_5.wav,Yes
Abuse_6.wav,No
Abuse_8.wav,No
Abuse_9.wav,No
Abuse_10.wav,No
Abuse_12.wav,Yes
Abuse_13.wav,Yes
Abuse_15.wav,No
Abuse_17.wav,No
Abuse_20.wav,No
Abuse_21.wav,No
Abuse_22.wav,Yes
Abuse_23.wav,No
Abuse_24.wav,Yes
Abuse_25.wav,No
Abuse_26.wav,No
Abuse_27.wav,Yes
Abuse_28.wav,No
Abuse_29.wav,Yes
Abuse_31.wav,No
Abuse_33.wav,Yes
Abuse_34.wav,No
Abuse_35.wav,Yes
Abuse_36.wav,No
Abuse_38.wav,No
Abuse_39.wav,Yes
Abuse_40.wav,No
Abuse_42.wav,No
Abuse_44.wav,No
Abuse_46.wav,No
Abuse_48.wav,No
Abuse_49.wav,Yes
Abuse_50.wav,Yes
Abuse_51.wav,No
Abuse_53.wav,Yes
Abuse_54.wav,No
Abuse_57.wav,No
Abuse_59.wav,Yes
Abuse_60.wav,Yes
Abuse_62.wav,Yes
Abuse_63.wav,No
Abuse_64.wav,Yes
Abuse_65.wav,No
Abuse_66.wav,No
Abuse_67.wav,No
Abuse_68.wav,No
Abuse_70.wav,Yes
Abuse_71.wav,Yes
Abuse_72.wav,Yes
Abuse_73.wav,No
Abuse_74.wav,Yes
Abuse_75.wav,Yes
Abuse_79.wav,No
Abuse_80.wav,No
Abuse_81.wav,No
Abuse_82.wav,Yes
Abuse_83.wav,No
Abuse_84.wav,No
Abuse_85.wav,Yes
Abuse_86.wav,No
Abuse_87.wav,Yes
Abuse_88.wav,Yes
Abuse_89.wav,No
Abuse_90.wav,No
Abuse_91.wav,Yes
Abuse_92.wav,Yes
Abuse_94.wav,Yes
Abuse_95.wav,No
Abuse_97.wav,No
Abuse_98.wav,Yes
Abuse_99.wav,No
Abuse_100.wav,Yes
Abuse_102.wav,No
Abuse_103.wav,No
Abuse_106.wav,Yes
Abuse_107.wav,Yes
Abuse_108.wav,Yes
Abuse_109.wav,Yes
Abuse_110.wav,Yes
Abuse_111.wav,No
Abuse_112.wav,No
Abuse_113.wav,No
Abuse_114.wav,No
Abuse_115.wav,Yes
Abuse_116.wav,No
Abuse_117.wav,No
Abuse_119.wav,No
Abuse_120.wav,No
Abuse_122.wav,No
Abuse_124.wav,Yes
Abuse_125.wav,Yes
Abuse_126.wav,No
Abuse_127.wav,Yes
Abuse_128.wav,Yes
Abuse_129.wav,No
Abuse_130.wav,Yes
Abuse_131.wav,No
Abuse_132.wav,No
Abuse_133.wav,Yes
Abuse_136.wav,Yes
Abuse_137.wav,Yes
Abuse_138.wav,Yes
Abuse_140.wav,No
Abuse_142.wav,Yes
Abuse_144.wav,No
Abuse_146.wav,No
Abuse_147.wav,No
Abuse_148.wav,No
Abuse_149.wav,Yes
Abuse_150.wav,No
Abuse_151.wav,No
Abuse_152.wav,No
Abuse_154.wav,No
Abuse_156.wav,Yes
Abuse_157.wav,Yes
Abuse_158.wav,No
Abuse_159.wav,Yes
Abuse_160.wav,Yes
Abuse_161.wav,No
Abuse_162.wav,Yes
Abuse_163.wav,No
Abuse_165.wav,Yes
Abuse_166.wav,No
Abuse_167.wav,No
Abuse_169.wav,Yes
Abuse_172.wav,Yes
Abuse_174.wav,Yes
Abuse_175.wav,Yes
Abuse_177.wav,Yes
Abuse_178.wav,Yes
Abuse_179.wav,No
Abuse_180.wav,Yes
Abuse_182.wav,Yes
Abuse_183.wav,No
Abuse_186.wav,Yes
Abuse_187.wav,No
Abuse_188.wav,Yes
Abuse_189.wav,No
Abuse_190.wav,Yes
Abuse_192.wav,No
Abuse_193.wav,No
Abuse_194.wav,Yes
Abuse_195.wav,Yes
Abuse_196.wav,Yes
Abuse_198.wav,Yes
Abuse_199.wav,No
Abuse_202.wav,No
Abuse_204.wav,No
Abuse_205.wav,Yes
Abuse_208.wav,Yes
Abuse_209.wav,No
Abuse_210.wav,No
Abuse_213.wav,Yes
Abuse_215.wav,Yes
Abuse_216.wav,Yes
Abuse_217.wav,Yes
Abuse_218.wav,Yes
Abuse_219.wav,No
Abuse_220.wav,Yes
Abuse_222.wav,Yes
Abuse_223.wav,Yes
Abuse_225.wav,No
Abuse_226.wav,Yes
Abuse_228.wav,Yes
Abuse_230.wav,No
Abuse_233.wav,No
Abuse_234.wav,Yes
Abuse_235.wav,Yes
Abuse_236.wav,Yes
Abuse_237.wav,No
Abuse_238.wav,No
Abuse_240.wav,No
Abuse_241.wav,Yes
Abuse_243.wav,Yes
Abuse_244.wav,No
Abuse_246.wav,Yes
Abuse_247.wav,No
Abuse_249.wav,No
Abuse_250.wav,Yes
Abuse_251.wav,Yes
Abuse_253.wav,No
Abuse_255.wav,No
Abuse_256.wav,Yes
Abuse_257.wav,No
Abuse_260.wav,No
Abuse_261.wav,No
Abuse_262.wav,No
Abuse_264.wav,Yes
Abuse_265.wav,Yes
Abuse_266.wav,No
Abuse_271.wav,No
Abuse_273.wav,Yes
Abuse_274.wav,No
Abuse_275.wav,No
Abuse_277.wav,No
Abuse_278.wav,No
Abuse_279.wav,No
Abuse_280.wav,No
Abuse_281.wav,No
Abuse_284.wav,No
Abuse_285.wav,No
Abuse_287.wav,No
Abuse_288.wav,Yes
Abuse_289.wav,No
Abuse_290.wav,Yes
Abuse_292.wav,Yes
Abuse_293.wav,Yes
Abuse_296.wav,Yes
Abuse_298.wav,Yes
Abuse_299.wav,No
Abuse_300.wav,Yes
Abuse_301.wav,No
Abuse_302.wav,Yes
Abuse_304.wav,Yes
Abuse_306.wav,No
Abuse_307.wav,No
Abuse_308.wav,No
Abuse_309.wav,Yes
Abuse_310.wav,Yes
Abuse_311.wav,No
Abuse_312.wav,No
Abuse_314.wav,No
Abuse_317.wav,Yes
Abuse_318.wav,No
Abuse_319.wav,Yes
Abuse_320.wav,Yes
Abuse_322.wav,No
Abuse_323.wav,Yes
Abuse_324.wav,Yes
Abuse_325.wav,No
Abuse_326.wav,Yes
Abuse_327.wav,No
Abuse_329.wav,Yes
Abuse_330.wav,No
Abuse_331.wav,Yes
Abuse_332.wav,No
Abuse_333.wav,Yes
Abuse_335.wav,No
Abuse_337.wav,Yes
Abuse_338.wav,No
Abuse_339.wav,Yes
Abuse_341.wav,Yes
Abuse_342.wav,Yes
Abuse_343.wav,Yes
Abuse_345.wav,No
Abuse_346.wav,No
Abuse_347.wav,No
Abuse_348.wav,Yes
Abuse_349.wav,No
Abuse_351.wav,Yes
Abuse_353.wav,Yes
Abuse_355.wav,Yes
Abuse_356.wav,No
Abuse_357.wav,No
Abuse_360.wav,No
Abuse_361.wav,Yes
Abuse_362.wav,Yes
Abuse_365.wav,No
Abuse_366.wav,No
Abuse_368.wav,No
Abuse_369.wav,No
Abuse_371.wav,No
Abuse_372.wav,No
Abuse_373.wav,Yes
Abuse_375.wav,No
Abuse_376.wav,No
Abuse_379.wav,Yes
Abuse_380.wav,No
Abuse_381.wav,No
Abuse_382.wav,No
Abuse_383.wav,Yes
Abuse_386.wav,Yes
Abuse_387.wav,Yes
Abuse_388.wav,Yes
Abuse_389.wav,Yes
Abuse_390.wav,Yes
Abuse_391.wav,No
Abuse_392.wav,Yes
Abuse_393.wav,Yes
Abuse_394.wav,Yes
Abuse_395.wav,Yes
Abuse_397.wav,No
Abuse_399.wav,Yes
Abuse_400.wav,Yes
Abuse_401.wav,Yes
Abuse_403.wav,Yes
Abuse_406.wav,No
Abuse_407.wav,Yes
Abuse_408.wav,No
Abuse_409.wav,Yes
Abuse_412.wav,Yes
Abuse_413.wav,Yes
Abuse_415.wav,No
Abuse_417.wav,Yes
Abuse_419.wav,No
Abuse_420.wav,Yes
Abuse_421.wav,No
Abuse_422.wav,No
Abuse_423.wav,No
Abuse_424.wav,No
Abuse_427.wav,No
Abuse_428.wav,No
Abuse_429.wav,No
Abuse_430.wav,Yes
Abuse_431.wav,Yes
Abuse_435.wav,No
Abuse_438.wav,No
Abuse_439.wav,Yes
Abuse_441.wav,No
Abuse_442.wav,No
Abuse_443.wav,No
Abuse_445.wav,Yes
Abuse_446.wav,Yes
Abuse_447.wav,No
Abuse_448.wav,Yes
Abuse_449.wav,No
Abuse_450.wav,Yes
Abuse_453.wav,No
Abuse_454.wav,No
Abuse_455.wav,No
Abuse_457.wav,No
Abuse_460.wav,No
Abuse_461.wav,Yes
Abuse_462.wav,No
Abuse_463.wav,No
Abuse_466.wav,No
Abuse_467.wav,Yes
Abuse_469.wav,Yes
Abuse_474.wav,Yes
Abuse_479.wav,No
Abuse_480.wav,No
Abuse_481.wav,Yes
Abuse_482.wav,No
Abuse_483.wav,No
Abuse_484.wav,Yes
Abuse_486.wav,No
Abuse_487.wav,Yes
Abuse_488.wav,No
Abuse_489.wav,No
Abuse_491.wav,No
Abuse_492.wav,No
Abuse_493.wav,No
Abuse_495.wav,No
Abuse_497.wav,Yes
Abuse_499.wav,Yes
Abuse_500.wav,Yes
Abuse_501.wav,Yes
Abuse_502.wav,Yes
Abuse_503.wav,No
Abuse_504.wav,No
Abuse_505.wav,No
Abuse_506.wav,Yes
Abuse_508.wav,No
Abuse_509.wav,No
Abuse_510.wav,No
Abuse_511.wav,Yes
Abuse_517.wav,Yes
Abuse_518.wav,No
Abuse_520.wav,No
Abuse_521.wav,No
Abuse_522.wav,No
Abuse_525.wav,Yes
Abuse_527.wav,No
Abuse_528.wav,Yes
Abuse_529.wav,No
Abuse_530.wav,No
Abuse_531.wav,Yes
Abuse_532.wav,Yes
Abuse_533.wav,No
Abuse_534.wav,No
Abuse_535.wav,No
Abuse_536.wav,No
Abuse_537.wav,Yes
Abuse_538.wav,No
Abuse_539.wav,Yes
Abuse_540.wav,Yes
Abuse_542.wav,Yes
Abuse_543.wav,No
Abuse_544.wav,Yes
Abuse_545.wav,Yes
Abuse_546.wav,Yes
Abuse_547.wav,No
Abuse_549.wav,Yes
Abuse_550.wav,No
Abuse_551.wav,No
Abuse_554.wav,Yes
Abuse_555.wav,No
Abuse_557.wav,Yes
Abuse_559.wav,No
Abuse_561.wav,Yes
Abuse_562.wav,Yes
Abuse_564.wav,No
Abuse_565.wav,No
Abuse_566.wav,No
Abuse_568.wav,Yes
Abuse_569.wav,Yes
Abuse_570.wav,Yes
Abuse_571.wav,Yes
Abuse_572.wav,Yes
Abuse_574.wav,Yes
Abuse_575.wav,No
Abuse_576.wav,Yes
Abuse_577.wav,No
Abuse_579.wav,No
Abuse_581.wav,Yes
Abuse_582.wav,No
Abuse_584.wav,Yes
Abuse_585.wav,Yes
Abuse_586.wav,Yes
Abuse_587.wav,No
Abuse_588.wav,Yes
Abuse_590.wav,Yes
Abuse_592.wav,Yes
Abuse_593.wav,Yes
Abuse_594.wav,Yes
Abuse_595.wav,Yes
Abuse_596.wav,No
Abuse_597.wav,No
Abuse_598.wav,Yes
Abuse_600.wav,Yes
Abuse_601.wav,Yes
Abuse_602.wav,Yes
Abuse_605.wav,Yes
Abuse_607.wav,No
Abuse_609.wav,Yes
Abuse_611.wav,No
Abuse_612.wav,Yes
Abuse_613.wav,Yes
Abuse_614.wav,Yes
Abuse_615.wav,Yes
Abuse_616.wav,No
Abuse_618.wav,No
Abuse_620.wav,No
Abuse_623.wav,No
Abuse_624.wav,Yes
Abuse_625.wav,No
Abuse_627.wav,No
Abuse_628.wav,No
Abuse_629.wav,Yes
Abuse_630.wav,Yes
Abuse_631.wav,Yes
Abuse_632.wav,No
Abuse_633.wav,Yes
Abuse_634.wav,Yes
Abuse_635.wav,No
Abuse_640.wav,No
Abuse_642.wav,Yes
Abuse_643.wav,No
Abuse_644.wav,Yes
Abuse_645.wav,No
Abuse_648.wav,No
Abuse_651.wav,No
Abuse_652.wav,No
Abuse_654.wav,Yes
Abuse_655.wav,Yes
Abuse_656.wav,No
Abuse_657.wav,No
Abuse_658.wav,Yes
Abuse_659.wav,Yes
Abuse_660.wav,Yes
Abuse_661.wav,No
Abuse_662.wav,Yes
Abuse_663.wav,Yes
Abuse_664.wav,No
Abuse_665.wav,Yes
Abuse_669.wav,Yes
Abuse_670.wav,Yes
Abuse_671.wav,Yes
Abuse_675.wav,No
Abuse_679.wav,Yes
Abuse_680.wav,Yes
Abuse_681.wav,No
Abuse_682.wav,No
Abuse_684.wav,Yes
Abuse_689.wav,Yes
Abuse_691.wav,Yes
Abuse_694.wav,No
Abuse_696.wav,No
Abuse_697.wav,Yes
Abuse_698.wav,No
Abuse_699.wav,Yes
Abuse_700.wav,Yes
Abuse_701.wav,Yes
Abuse_702.wav,Yes
Abuse_703.wav,Yes
Abuse_704.wav,Yes
Abuse_706.wav,No
Abuse_707.wav,Yes
Abuse_708.wav,No
Abuse_710.wav,No
Abuse_712.wav,Yes
Abuse_715.wav,No
Abuse_716.wav,No
Abuse_717.wav,Yes
Abuse_718.wav,Yes
Abuse_720.wav,Yes
Abuse_721.wav,Yes
Abuse_722.wav,Yes
Abuse_723.wav,Yes
Abuse_724.wav,Yes
Abuse_725.wav,No
Abuse_727.wav,No
Abuse_728.wav,No
Abuse_729.wav,No
Abuse_730.wav,No
Abuse_732.wav,Yes
Abuse_733.wav,No
Abuse_734.wav,Yes
Abuse_735.wav,No
Abuse_737.wav,Yes
Abuse_738.wav,No
Abuse_739.wav,No
Abuse_741.wav,Yes
Abuse_742.wav,No
Abuse_743.wav,Yes
Abuse_745.wav,No
Abuse_746.wav,Yes
Abuse_747.wav,Yes
Abuse_748.wav,Yes
Abuse_750.wav,Yes
Abuse_752.wav,Yes
Abuse_754.wav,Yes
Abuse_755.wav,No
Abuse_757.wav,Yes
Abuse_758.wav,Yes
Abuse_759.wav,No
Abuse_760.wav,No
Abuse_763.wav,No
Abuse_764.wav,No
Abuse_767.wav,Yes
Abuse_769.wav,Yes
Abuse_770.wav,No
Abuse_773.wav,No
Abuse_774.wav,Yes
Abuse_775.wav,No
Abuse_777.wav,Yes
Abuse_778.wav,No
Abuse_781.wav,Yes
Abuse_782.wav,No
Abuse_784.wav,No
Abuse_785.wav,Yes
Abuse_786.wav,Yes
Abuse_789.wav,No
Abuse_790.wav,No
Abuse_791.wav,No
Abuse_792.wav,Yes
Abuse_793.wav,No
Abuse_795.wav,No
Abuse_796.wav,Yes
Abuse_798.wav,Yes
Abuse_799.wav,Yes
Abuse_803.wav,No
Abuse_805.wav,Yes
Abuse_806.wav,No
Abuse_809.wav,No
Abuse_810.wav,Yes
Abuse_811.wav,No
Abuse_812.wav,No
Abuse_813.wav,Yes
Abuse_814.wav,No
Abuse_815.wav,Yes
Abuse_816.wav,Yes
Abuse_819.wav,Yes
Abuse_823.wav,Yes
Abuse_825.wav,No
Abuse_827.wav,No
Abuse_828.wav,No
Abuse_829.wav,Yes
Abuse_831.wav,Yes
Abuse_832.wav,Yes
Abuse_833.wav,No
Abuse_835.wav,No
Abuse_838.wav,No
Abuse_839.wav,No
Abuse_840.wav,No
Abuse_841.wav,No
Abuse_842.wav,Yes
Abuse_843.wav,Yes
Abuse_844.wav,No
Abuse_845.wav,No
Abuse_847.wav,No
Abuse_849.wav,Yes
Abuse_851.wav,Yes
Abuse_852.wav,Yes
Abuse_854.wav,Yes
Abuse_855.wav,No
Abuse_858.wav,No
Abuse_860.wav,No
Abuse_861.wav,No
Abuse_862.wav,No
Abuse_866.wav,Yes
Abuse_867.wav,No
Abuse_868.wav,Yes
Abuse_869.wav,Yes
Abuse_870.wav,Yes
Abuse_872.wav,No
Abuse_875.wav,Yes
Abuse_876.wav,Yes
Abuse_877.wav,Yes
Abuse_878.wav,Yes
Abuse_879.wav,No
Abuse_880.wav,No
Abuse_881.wav,No
Abuse_887.wav,No
Abuse_888.wav,Yes
Abuse_890.wav,No
Abuse_891.wav,Yes
Abuse_892.wav,No
Abuse_893.wav,No
Abuse_894.wav,Yes
Abuse_895.wav,Yes
Abuse_898.wav,No
Abuse_901.wav,Yes
Abuse_902.wav,Yes
Abuse_903.wav,Yes
Abuse_904.wav,No
Abuse_906.wav,Yes
Abuse_907.wav,Yes
Abuse_908.wav,No
Abuse_909.wav,Yes
Abuse_910.wav,Yes
Abuse_911.wav,No
Abuse_917.wav,Yes
Abuse_918.wav,No
Abuse_919.wav,Yes
Abuse_922.wav,No
Abuse_923.wav,No
Abuse_927.wav,Yes
Abuse_928.wav,Yes
Abuse_929.wav,Yes
Abuse_930.wav,Yes
Abuse_931.wav,Yes
Abuse_933.wav,No
Abuse_934.wav,No
Abuse_937.wav,No
Abuse_940.wav,Yes
Abuse_941.wav,No
Abuse_943.wav,Yes
Abuse_944.wav,Yes
Abuse_946.wav,Yes
Abuse_947.wav,No
Abuse_948.wav,No
Abuse_949.wav,No
Abuse_950.wav,No
Abuse_951.wav,No
Abuse_952.wav,Yes
Abuse_953.wav,No
Abuse_955.wav,Yes
Abuse_956.wav,Yes
Abuse_957.wav,Yes
Abuse_958.wav,Yes
Abuse_960.wav,No
Abuse_961.wav,Yes
Abuse_962.wav,No
Abuse_963.wav,Yes
Abuse_965.wav,Yes
Abuse_966.wav,No
Abuse_967.wav,Yes
Abuse_968.wav,Yes
Abuse_969.wav,No
Abuse_971.wav,Yes
Abuse_972.wav,No
Abuse_973.wav,Yes
Abuse_975.wav,No
Abuse_976.wav,No
Abuse_977.wav,No
Abuse_978.wav,No
Abuse_979.wav,Yes
Abuse_980.wav,Yes
Abuse_981.wav,No
Abuse_982.wav,Yes
Abuse_983.wav,Yes
Abuse_984.wav,Yes
Abuse_985.wav,No
Abuse_987.wav,Yes
Abuse_989.wav,No
Abuse_990.wav,No
Abuse_991.wav,No
Abuse_992.wav,No
Abuse_993.wav,No
Abuse_994.wav,Yes
Abuse_995.wav,Yes
Abuse_996.wav,No
Abuse_997.wav,Yes
Abuse_998.wav,Yes
Abuse_999.wav,No
Abuse_1000.wav,No
Abuse_1001.wav,No
Abuse_1002.wav,Yes
Abuse_1004.wav,Yes
Abuse_1005.wav,Yes
Abuse_1006.wav,Yes
Abuse_1007.wav,Yes
Abuse_1009.wav,Yes
Abuse_1010.wav,Yes
Abuse_1011.wav,No
Abuse_1013.wav,Yes
Abuse_1014.wav,Yes
Abuse_1016.wav,No
Abuse_1018.wav,No
Abuse_1019.wav,Yes
Abuse_1021.wav,No
Abuse_1022.wav,No
Abuse_1023.wav,Yes
Abuse_1024.wav,Yes
Abuse_1025.wav,No
Abuse_1026.wav,No
Abuse_1027.wav,Yes
Abuse_1028.wav,Yes
Abuse_1029.wav,Yes
Abuse_1030.wav,No
Abuse_1031.wav,Yes
Abuse_1032.wav,Yes
Abuse_1033.wav,Yes
Abuse_1034.wav,Yes
Abuse_1037.wav,No
Abuse_1040.wav,Yes
Abuse_1041.wav,No
Abuse_1042.wav,Yes
Abuse_1043.wav,Yes
Abuse_1044.wav,Yes
Abuse_1045.wav,Yes
Abuse_1046.wav,Yes
Abuse_1047.wav,Yes
Abuse_1048.wav,Yes
Abuse_1049.wav,Yes
Abuse_1050.wav,Yes
Abuse_1054.wav,Yes
Abuse_1056.wav,Yes
Abuse_1058.wav,No
Abuse_1059.wav,Yes
Abuse_1060.wav,Yes
Abuse_1062.wav,Yes
Abuse_1064.wav,No
Abuse_1065.wav,Yes
Abuse_1066.wav,No
Abuse_1069.wav,Yes
Abuse_1070.wav,Yes
Abuse_1071.wav,Yes
Abuse_1076.wav,No
Abuse_1078.wav,Yes
Abuse_1079.wav,No
Abuse_1080.wav,No
Abuse_1081.wav,Yes
Abuse_1083.wav,Yes
Abuse_1086.wav,Yes
Abuse_1088.wav,Yes
Abuse_1089.wav,No
Abuse_1090.wav,Yes
Abuse_1091.wav,No
Abuse_1092.wav,No
Abuse_1094.wav,Yes
Abuse_1095.wav,Yes
Abuse_1098.wav,Yes
Abuse_1099.wav,No
Abuse_1100.wav,Yes
Abuse_1101.wav,No
Abuse_1102.wav,Yes
Abuse_1103.wav,No
Abuse_1104.wav,No
Abuse_1105.wav,No
Abuse_1107.wav,No
Abuse_1108.wav,Yes
Abuse_1110.wav,Yes
Abuse_1111.wav,Yes
Abuse_1117.wav,Yes
Abuse_1119.wav,Yes
Abuse_1120.wav,No
Abuse_1121.wav,Yes
Abuse_1122.wav,Yes
Abuse_1123.wav,Yes
Abuse_1126.wav,Yes
Abuse_1128.wav,No
Abuse_1129.wav,Yes
Abuse_1132.wav,Yes
Abuse_1133.wav,Yes
Abuse_1134.wav,No
Abuse_1136.wav,No
Abuse_1137.wav,Yes
Abuse_1138.wav,No
Abuse_1140.wav,Yes
Abuse_1141.wav,Yes
Abuse_1142.wav,Yes
Abuse_1144.wav,No
Abuse_1145.wav,Yes
Abuse_1147.wav,Yes
Abuse_1148.wav,No
Abuse_1149.wav,No
Abuse_1150.wav,Yes
Abuse_1151.wav,No
Abuse_1152.wav,No
Abuse_1153.wav,Yes
Abuse_1154.wav,Yes
Abuse_1158.wav,No
Abuse_1159.wav,Yes
Abuse_1160.wav,Yes
Abuse_1161.wav,Yes
Abuse_1162.wav,No
Abuse_1163.wav,Yes
Abuse_1164.wav,No
Abuse_1165.wav,Yes
Abuse_1167.wav,No
Abuse_1170.wav,Yes
Abuse_1172.wav,No
Abuse_1173.wav,No
Abuse_1175.wav,No
Abuse_1178.wav,No
Abuse_1179.wav,Yes
Abuse_1180.wav,No
Abuse_1181.wav,No
Abuse_1182.wav,Yes
Abuse_1183.wav,Yes
Abuse_1184.wav,No
Abuse_1188.wav,Yes
Abuse_1191.wav,No
Abuse_1192.wav,Yes
Abuse_1193.wav,Yes
Abuse_1194.wav,No
Abuse_1197.wav,Yes
