filename,label
Abuse_1.wav,No
Abuse_2.wav,Yes
Abuse_4.wav,Yes
Abuse_5.wav,Yes
Abuse_6.wav,Yes
Abuse_8.wav,Yes
Abuse_9.wav,No
Abuse_10.wav,Yes
Abuse_12.wav,Yes
Abuse_13.wav,Yes
Abuse_15.wav,Yes
Abuse_17.wav,Yes
Abuse_20.wav,Yes
Abuse_21.wav,No
Abuse_22.wav,Yes
Abuse_23.wav,Yes
Abuse_24.wav,Yes
Abuse_25.wav,Yes
Abuse_26.wav,No
Abuse_27.wav,Yes
Abuse_28.wav,No
Abuse_29.wav,Yes
Abuse_31.wav,No
Abuse_33.wav,Yes
Abuse_34.wav,No
Abuse_35.wav,Yes
Abuse_36.wav,No
Abuse_38.wav,Yes
Abuse_39.wav,Yes
Abuse_40.wav,Yes
Abuse_42.wav,No
Abuse_44.wav,No
Abuse_46.wav,Yes
Abuse_48.wav,Yes
Abuse_49.wav,Yes
Abuse_51.wav,Yes
Abuse_52.wav,Yes
Abuse_54.wav,Yes
Abuse_55.wav,Yes
Abuse_58.wav,Yes
Abuse_60.wav,Yes
Abuse_61.wav,Yes
Abuse_64.wav,No
Abuse_65.wav,Yes
Abuse_66.wav,No
Abuse_67.wav,Yes
Abuse_68.wav,Yes
Abuse_69.wav,No
Abuse_70.wav,Yes
Abuse_72.wav,Yes
Abuse_73.wav,Yes
Abuse_74.wav,Yes
Abuse_75.wav,No
Abuse_76.wav,Yes
Abuse_77.wav,Yes
Abuse_83.wav,No
Abuse_84.wav,No
Abuse_85.wav,No
Abuse_86.wav,No
Abuse_87.wav,Yes
Abuse_88.wav,Yes
Abuse_89.wav,Yes
Abuse_90.wav,No
Abuse_91.wav,Yes
Abuse_92.wav,Yes
Abuse_94.wav,Yes
Abuse_95.wav,Yes
Abuse_96.wav,Yes
Abuse_97.wav,Yes
Abuse_99.wav,No
Abuse_100.wav,No
Abuse_102.wav,Yes
Abuse_103.wav,No
Abuse_104.wav,Yes
Abuse_106.wav,No
Abuse_109.wav,Yes
Abuse_110.wav,Yes
Abuse_113.wav,Yes
Abuse_114.wav,No
Abuse_116.wav,Yes
Abuse_117.wav,Yes
Abuse_118.wav,Yes
Abuse_119.wav,Yes
Abuse_120.wav,No
Abuse_121.wav,Yes
Abuse_122.wav,No
Abuse_123.wav,Yes
Abuse_124.wav,Yes
Abuse_125.wav,No
Abuse_127.wav,Yes
Abuse_129.wav,No
Abuse_132.wav,Yes
Abuse_134.wav,Yes
Abuse_135.wav,Yes
Abuse_136.wav,Yes
Abuse_137.wav,No
Abuse_138.wav,Yes
Abuse_139.wav,No
Abuse_141.wav,No
Abuse_142.wav,No
Abuse_143.wav,No
Abuse_144.wav,Yes
Abuse_147.wav,No
Abuse_148.wav,Yes
Abuse_150.wav,No
Abuse_153.wav,No
Abuse_155.wav,Yes
Abuse_157.wav,Yes
Abuse_159.wav,Yes
Abuse_160.wav,No
Abuse_161.wav,Yes
Abuse_162.wav,No
Abuse_163.wav,Yes
Abuse_164.wav,Yes
Abuse_165.wav,Yes
Abuse_167.wav,No
Abuse_169.wav,Yes
Abuse_170.wav,Yes
Abuse_174.wav,Yes
Abuse_175.wav,No
Abuse_176.wav,No
Abuse_177.wav,No
Abuse_178.wav,Yes
Abuse_179.wav,No
Abuse_182.wav,No
Abuse_183.wav,No
Abuse_184.wav,Yes
Abuse_186.wav,No
Abuse_189.wav,Yes
Abuse_191.wav,No
Abuse_193.wav,No
Abuse_195.wav,Yes
Abuse_196.wav,Yes
Abuse_197.wav,Yes
Abuse_198.wav,No
Abuse_200.wav,No
Abuse_201.wav,Yes
Abuse_204.wav,No
Abuse_205.wav,Yes
Abuse_206.wav,Yes
Abuse_207.wav,Yes
Abuse_209.wav,No
Abuse_212.wav,Yes
Abuse_213.wav,Yes
Abuse_214.wav,Yes
Abuse_215.wav,No
Abuse_217.wav,Yes
Abuse_219.wav,Yes
Abuse_220.wav,No
Abuse_225.wav,Yes
Abuse_227.wav,Yes
Abuse_228.wav,Yes
Abuse_231.wav,No
Abuse_232.wav,Yes
Abuse_233.wav,Yes
Abuse_236.wav,Yes
Abuse_239.wav,No
Abuse_240.wav,No
Abuse_241.wav,No
Abuse_242.wav,Yes
Abuse_244.wav,Yes
Abuse_245.wav,Yes
Abuse_247.wav,No
Abuse_248.wav,No
Abuse_251.wav,No
Abuse_252.wav,Yes
Abuse_254.wav,Yes
Abuse_256.wav,No
Abuse_259.wav,Yes
Abuse_260.wav,No
Abuse_263.wav,Yes
Abuse_264.wav,Yes
Abuse_265.wav,Yes
Abuse_268.wav,No
Abuse_271.wav,Yes
Abuse_272.wav,No
Abuse_274.wav,No
Abuse_275.wav,No
Abuse_277.wav,No
Abuse_278.wav,No
Abuse_280.wav,Yes
Abuse_281.wav,No
Abuse_282.wav,No
Abuse_284.wav,Yes
Abuse_287.wav,No
Abuse_288.wav,No
Abuse_290.wav,No
Abuse_295.wav,Yes
Abuse_296.wav,No
Abuse_297.wav,Yes
Abuse_301.wav,Yes
Abuse_302.wav,No
Abuse_303.wav,No
Abuse_308.wav,Yes
Abuse_310.wav,Yes
Abuse_311.wav,Yes
Abuse_312.wav,No
Abuse_314.wav,Yes
Abuse_315.wav,Yes
Abuse_316.wav,No
Abuse_317.wav,Yes
Abuse_318.wav,Yes
Abuse_321.wav,No
Abuse_322.wav,Yes
Abuse_324.wav,Yes
Abuse_325.wav,Yes
Abuse_326.wav,Yes
Abuse_327.wav,Yes
Abuse_329.wav,Yes
Abuse_330.wav,No
Abuse_333.wav,No
Abuse_335.wav,No
Abuse_336.wav,No
Abuse_337.wav,Yes
Abuse_338.wav,Yes
Abuse_339.wav,No
Abuse_341.wav,Yes
Abuse_343.wav,No
Abuse_344.wav,Yes
Abuse_345.wav,Yes
Abuse_346.wav,No
Abuse_347.wav,Yes
Abuse_348.wav,Yes
Abuse_349.wav,Yes
Abuse_351.wav,Yes
Abuse_354.wav,Yes
Abuse_355.wav,Yes
Abuse_356.wav,Yes
Abuse_357.wav,Yes
Abuse_359.wav,No
Abuse_360.wav,Yes
Abuse_361.wav,Yes
Abuse_362.wav,Yes
Abuse_363.wav,Yes
Abuse_364.wav,Yes
Abuse_366.wav,Yes
Abuse_367.wav,No
Abuse_368.wav,Yes
Abuse_369.wav,Yes
Abuse_370.wav,Yes
Abuse_372.wav,Yes
Abuse_374.wav,Yes
Abuse_375.wav,Yes
Abuse_376.wav,Yes
Abuse_378.wav,Yes
Abuse_379.wav,No
Abuse_380.wav,Yes
Abuse_382.wav,Yes
Abuse_383.wav,Yes
Abuse_385.wav,Yes
Abuse_386.wav,Yes
Abuse_388.wav,Yes
Abuse_390.wav,No
Abuse_392.wav,Yes
Abuse_393.wav,Yes
Abuse_394.wav,No
Abuse_397.wav,Yes
Abuse_398.wav,Yes
Abuse_399.wav,Yes
Abuse_402.wav,No
Abuse_403.wav,No
Abuse_405.wav,Yes
Abuse_406.wav,Yes
Abuse_408.wav,Yes
Abuse_409.wav,Yes
Abuse_410.wav,No
Abuse_411.wav,Yes
Abuse_412.wav,Yes
Abuse_413.wav,Yes
Abuse_416.wav,Yes
Abuse_417.wav,Yes
Abuse_418.wav,Yes
Abuse_419.wav,Yes
Abuse_420.wav,Yes
Abuse_423.wav,Yes
Abuse_424.wav,No
Abuse_425.wav,Yes
Abuse_426.wav,Yes
Abuse_427.wav,Yes
Abuse_428.wav,Yes
Abuse_429.wav,Yes
Abuse_430.wav,Yes
Abuse_431.wav,Yes
Abuse_432.wav,Yes
Abuse_434.wav,Yes
Abuse_436.wav,Yes
Abuse_437.wav,No
Abuse_438.wav,Yes
Abuse_440.wav,Yes
Abuse_443.wav,Yes
Abuse_444.wav,Yes
Abuse_445.wav,No
Abuse_446.wav,Yes
Abuse_449.wav,Yes
Abuse_450.wav,Yes
Abuse_452.wav,No
Abuse_454.wav,Yes
Abuse_456.wav,No
Abuse_457.wav,Yes
Abuse_458.wav,No
Abuse_459.wav,No
Abuse_460.wav,Yes
Abuse_461.wav,Yes
Abuse_464.wav,Yes
Abuse_465.wav,Yes
Abuse_466.wav,Yes
Abuse_467.wav,Yes
Abuse_468.wav,Yes
Abuse_472.wav,Yes
Abuse_475.wav,Yes
Abuse_476.wav,No
Abuse_478.wav,Yes
Abuse_479.wav,Yes
Abuse_480.wav,Yes
Abuse_482.wav,Yes
Abuse_483.wav,Yes
Abuse_484.wav,Yes
Abuse_485.wav,Yes
Abuse_486.wav,No
Abuse_487.wav,Yes
Abuse_490.wav,Yes
Abuse_491.wav,Yes
Abuse_492.wav,Yes
Abuse_493.wav,Yes
Abuse_494.wav,Yes
Abuse_497.wav,Yes
Abuse_498.wav,Yes
Abuse_499.wav,Yes
Abuse_500.wav,Yes
Abuse_503.wav,Yes
Abuse_504.wav,No
Abuse_506.wav,No
Abuse_511.wav,No
Abuse_516.wav,Yes
Abuse_517.wav,No
Abuse_518.wav,Yes
Abuse_519.wav,No
Abuse_520.wav,No
Abuse_521.wav,Yes
Abuse_523.wav,Yes
Abuse_524.wav,No
Abuse_525.wav,Yes
Abuse_527.wav,Yes
Abuse_529.wav,Yes
Abuse_530.wav,Yes
Abuse_531.wav,Yes
Abuse_533.wav,Yes
Abuse_534.wav,No
Abuse_536.wav,Yes
Abuse_537.wav,Yes
Abuse_538.wav,Yes
Abuse_539.wav,No
Abuse_540.wav,No
Abuse_541.wav,Yes
Abuse_542.wav,No
Abuse_543.wav,No
Abuse_545.wav,Yes
Abuse_547.wav,Yes
Abuse_551.wav,Yes
Abuse_552.wav,Yes
Abuse_556.wav,No
Abuse_560.wav,Yes
Abuse_561.wav,Yes
Abuse_563.wav,Yes
Abuse_564.wav,Yes
Abuse_565.wav,No
Abuse_569.wav,Yes
Abuse_571.wav,Yes
Abuse_572.wav,Yes
Abuse_573.wav,No
Abuse_575.wav,Yes
Abuse_576.wav,Yes
Abuse_577.wav,No
Abuse_579.wav,No
Abuse_580.wav,No
Abuse_581.wav,Yes
Abuse_582.wav,Yes
Abuse_584.wav,Yes
Abuse_585.wav,Yes
Abuse_586.wav,No
Abuse_587.wav,Yes
Abuse_590.wav,Yes
Abuse_591.wav,No
Abuse_592.wav,Yes
Abuse_593.wav,Yes
Abuse_594.wav,No
Abuse_595.wav,Yes
Abuse_597.wav,Yes
Abuse_598.wav,Yes
Abuse_599.wav,Yes
Abuse_602.wav,Yes
Abuse_603.wav,No
Abuse_605.wav,No
Abuse_607.wav,Yes
Abuse_610.wav,Yes
Abuse_611.wav,Yes
Abuse_613.wav,Yes
Abuse_614.wav,Yes
Abuse_615.wav,No
Abuse_618.wav,No
Abuse_619.wav,Yes
Abuse_620.wav,Yes
Abuse_621.wav,Yes
Abuse_622.wav,No
Abuse_625.wav,No
Abuse_626.wav,Yes
Abuse_627.wav,No
Abuse_628.wav,Yes
Abuse_631.wav,Yes
Abuse_634.wav,Yes
Abuse_635.wav,Yes
Abuse_638.wav,Yes
Abuse_639.wav,Yes
Abuse_640.wav,Yes
Abuse_641.wav,No
Abuse_642.wav,No
Abuse_644.wav,No
Abuse_647.wav,Yes
Abuse_648.wav,Yes
Abuse_649.wav,Yes
Abuse_650.wav,Yes
Abuse_652.wav,Yes
Abuse_653.wav,Yes
Abuse_654.wav,Yes
Abuse_658.wav,Yes
Abuse_659.wav,Yes
Abuse_660.wav,Yes
Abuse_663.wav,Yes
Abuse_665.wav,Yes
Abuse_667.wav,Yes
Abuse_669.wav,No
Abuse_670.wav,Yes
Abuse_671.wav,Yes
Abuse_672.wav,Yes
Abuse_673.wav,Yes
Abuse_674.wav,No
Abuse_676.wav,No
Abuse_678.wav,Yes
Abuse_681.wav,No
Abuse_682.wav,Yes
Abuse_683.wav,Yes
Abuse_685.wav,Yes
Abuse_688.wav,Yes
Abuse_689.wav,No
Abuse_690.wav,Yes
Abuse_691.wav,Yes
Abuse_692.wav,Yes
Abuse_693.wav,Yes
Abuse_694.wav,Yes
Abuse_695.wav,No
Abuse_700.wav,No
Abuse_704.wav,Yes
Abuse_705.wav,Yes
Abuse_706.wav,No
Abuse_707.wav,Yes
Abuse_710.wav,Yes
Abuse_711.wav,Yes
Abuse_714.wav,Yes
Abuse_717.wav,Yes
Abuse_719.wav,Yes
Abuse_720.wav,No
Abuse_721.wav,Yes
Abuse_722.wav,Yes
Abuse_723.wav,No
Abuse_724.wav,Yes
Abuse_725.wav,Yes
Abuse_728.wav,No
Abuse_730.wav,Yes
Abuse_731.wav,Yes
Abuse_732.wav,Yes
Abuse_733.wav,Yes
Abuse_737.wav,Yes
Abuse_738.wav,Yes
Abuse_739.wav,No
Abuse_743.wav,No
Abuse_747.wav,Yes
Abuse_748.wav,No
Abuse_749.wav,No
Abuse_750.wav,Yes
Abuse_752.wav,No
Abuse_757.wav,No
Abuse_759.wav,Yes
Abuse_762.wav,No
Abuse_764.wav,No
Abuse_765.wav,Yes
Abuse_766.wav,No
Abuse_767.wav,No
Abuse_768.wav,No
Abuse_769.wav,No
Abuse_770.wav,Yes
Abuse_771.wav,Yes
Abuse_772.wav,No
Abuse_774.wav,No
Abuse_775.wav,Yes
Abuse_776.wav,Yes
Abuse_778.wav,Yes
Abuse_780.wav,No
Abuse_783.wav,No
Abuse_784.wav,No
Abuse_785.wav,Yes
Abuse_786.wav,No
Abuse_788.wav,No
Abuse_789.wav,No
Abuse_790.wav,No
Abuse_791.wav,No
Abuse_792.wav,Yes
Abuse_793.wav,No
Abuse_795.wav,No
Abuse_796.wav,Yes
Abuse_797.wav,Yes
Abuse_798.wav,Yes
Abuse_800.wav,No
Abuse_801.wav,No
Abuse_802.wav,No
Abuse_803.wav,Yes
Abuse_805.wav,No
Abuse_806.wav,No
Abuse_807.wav,No
Abuse_809.wav,Yes
Abuse_810.wav,No
Abuse_811.wav,No
Abuse_813.wav,Yes
Abuse_814.wav,Yes
Abuse_815.wav,Yes
Abuse_816.wav,No
Abuse_818.wav,Yes
Abuse_820.wav,Yes
Abuse_822.wav,No
Abuse_823.wav,No
Abuse_825.wav,No
Abuse_826.wav,No
Abuse_827.wav,Yes
Abuse_828.wav,Yes
Abuse_831.wav,No
Abuse_832.wav,Yes
Abuse_835.wav,Yes
Abuse_837.wav,No
Abuse_838.wav,No
Abuse_841.wav,No
Abuse_842.wav,No
Abuse_843.wav,No
Abuse_845.wav,No
Abuse_846.wav,Yes
Abuse_849.wav,No
Abuse_850.wav,Yes
Abuse_852.wav,Yes
Abuse_853.wav,No
Abuse_854.wav,No
Abuse_857.wav,Yes
Abuse_858.wav,No
Abuse_859.wav,Yes
Abuse_860.wav,Yes
Abuse_861.wav,No
Abuse_863.wav,Yes
Abuse_864.wav,No
Abuse_866.wav,Yes
Abuse_867.wav,No
Abuse_871.wav,No
Abuse_873.wav,No
Abuse_875.wav,Yes
Abuse_878.wav,Yes
Abuse_880.wav,No
Abuse_881.wav,Yes
Abuse_882.wav,No
Abuse_883.wav,No
Abuse_884.wav,Yes
Abuse_885.wav,Yes
Abuse_886.wav,Yes
Abuse_889.wav,No
Abuse_893.wav,No
Abuse_896.wav,No
Abuse_899.wav,Yes
Abuse_900.wav,Yes
Abuse_901.wav,Yes
Abuse_903.wav,Yes
Abuse_904.wav,No
Abuse_905.wav,Yes
Abuse_907.wav,Yes
Abuse_911.wav,Yes
Abuse_912.wav,Yes
Abuse_913.wav,Yes
Abuse_914.wav,No
Abuse_916.wav,Yes
Abuse_917.wav,No
Abuse_918.wav,No
Abuse_920.wav,Yes
Abuse_922.wav,Yes
Abuse_924.wav,Yes
Abuse_926.wav,Yes
Abuse_927.wav,No
Abuse_929.wav,Yes
Abuse_930.wav,Yes
Abuse_933.wav,No
Abuse_935.wav,Yes
Abuse_937.wav,Yes
Abuse_938.wav,Yes
Abuse_942.wav,Yes
Abuse_944.wav,Yes
Abuse_945.wav,Yes
Abuse_946.wav,Yes
Abuse_947.wav,No
Abuse_950.wav,Yes
Abuse_953.wav,Yes
Abuse_954.wav,Yes
Abuse_955.wav,Yes
Abuse_957.wav,Yes
Abuse_958.wav,Yes
Abuse_959.wav,Yes
Abuse_960.wav,Yes
Abuse_966.wav,Yes
Abuse_967.wav,Yes
Abuse_969.wav,Yes
Abuse_970.wav,Yes
Abuse_971.wav,Yes
Abuse_972.wav,Yes
Abuse_973.wav,No
Abuse_974.wav,Yes
Abuse_977.wav,Yes
Abuse_981.wav,No
Abuse_982.wav,Yes
Abuse_983.wav,No
Abuse_984.wav,Yes
Abuse_986.wav,Yes
Abuse_987.wav,Yes
Abuse_988.wav,Yes
Abuse_989.wav,No
Abuse_990.wav,Yes
Abuse_992.wav,Yes
Abuse_999.wav,Yes
Abuse_1001.wav,No
Abuse_1002.wav,Yes
Abuse_1005.wav,No
Abuse_1006.wav,Yes
Abuse_1010.wav,No
Abuse_1011.wav,Yes
Abuse_1012.wav,Yes
Abuse_1013.wav,Yes
Abuse_1014.wav,Yes
Abuse_1016.wav,Yes
Abuse_1018.wav,No
Abuse_1021.wav,Yes
Abuse_1024.wav,No
Abuse_1025.wav,Yes
Abuse_1028.wav,Yes
Abuse_1030.wav,No
Abuse_1031.wav,No
Abuse_1032.wav,Yes
Abuse_1034.wav,Yes
Abuse_1036.wav,No
Abuse_1037.wav,Yes
Abuse_1039.wav,No
Abuse_1040.wav,Yes
Abuse_1042.wav,Yes
Abuse_1043.wav,Yes
Abuse_1044.wav,Yes
Abuse_1045.wav,Yes
Abuse_1047.wav,Yes
Abuse_1048.wav,Yes
Abuse_1049.wav,No
Abuse_1050.wav,Yes
Abuse_1052.wav,Yes
Abuse_1053.wav,Yes
Abuse_1054.wav,Yes
Abuse_1056.wav,Yes
Abuse_1057.wav,Yes
Abuse_1059.wav,No
Abuse_1060.wav,Yes
Abuse_1061.wav,Yes
Abuse_1063.wav,No
Abuse_1064.wav,Yes
Abuse_1065.wav,No
Abuse_1066.wav,Yes
Abuse_1067.wav,Yes
Abuse_1069.wav,Yes
Abuse_1071.wav,Yes
Abuse_1073.wav,No
Abuse_1074.wav,Yes
Abuse_1075.wav,Yes
Abuse_1076.wav,Yes
Abuse_1078.wav,No
Abuse_1080.wav,Yes
Abuse_1081.wav,Yes
Abuse_1082.wav,No
Abuse_1085.wav,Yes
Abuse_1086.wav,Yes
Abuse_1087.wav,Yes
Abuse_1088.wav,Yes
Abuse_1089.wav,Yes
Abuse_1090.wav,Yes
Abuse_1091.wav,No
Abuse_1092.wav,Yes
Abuse_1093.wav,Yes
Abuse_1094.wav,Yes
Abuse_1095.wav,Yes
Abuse_1097.wav,Yes
Abuse_1098.wav,No
Abuse_1099.wav,Yes
Abuse_1100.wav,Yes
Abuse_1102.wav,Yes
Abuse_1103.wav,Yes
Abuse_1104.wav,Yes
Abuse_1106.wav,Yes
Abuse_1107.wav,Yes
Abuse_1109.wav,No
Abuse_1113.wav,No
Abuse_1114.wav,Yes
Abuse_1116.wav,Yes
Abuse_1117.wav,No
Abuse_1118.wav,Yes
Abuse_1119.wav,Yes
Abuse_1120.wav,Yes
Abuse_1122.wav,No
Abuse_1123.wav,Yes
Abuse_1124.wav,Yes
Abuse_1125.wav,Yes
Abuse_1126.wav,Yes
Abuse_1127.wav,No
Abuse_1128.wav,No
Abuse_1130.wav,Yes
Abuse_1133.wav,Yes
Abuse_1136.wav,Yes
Abuse_1137.wav,No
Abuse_1138.wav,No
Abuse_1139.wav,Yes
Abuse_1140.wav,Yes
Abuse_1141.wav,Yes
Abuse_1143.wav,Yes
Abuse_1144.wav,Yes
Abuse_1145.wav,Yes
Abuse_1146.wav,No
Abuse_1147.wav,Yes
Abuse_1151.wav,No
Abuse_1153.wav,No
Abuse_1155.wav,No
Abuse_1156.wav,Yes
Abuse_1157.wav,Yes
Abuse_1159.wav,No
Abuse_1161.wav,Yes
Abuse_1162.wav,Yes
Abuse_1163.wav,Yes
Abuse_1166.wav,No
Abuse_1168.wav,Yes
Abuse_1169.wav,Yes
Abuse_1175.wav,Yes
Abuse_1177.wav,Yes
Abuse_1178.wav,No
Abuse_1179.wav,Yes
Abuse_1180.wav,Yes
Abuse_1182.wav,No
Abuse_1185.wav,Yes
Abuse_1187.wav,No
Abuse_1189.wav,Yes
Abuse_1190.wav,Yes
Abuse_1191.wav,Yes
Abuse_1192.wav,Yes
Abuse_1194.wav,No
Abuse_1195.wav,No
Abuse_1198.wav,Yes
Abuse_1199.wav,Yes
