filename,label
Abuse_1.wav,Yes
Abuse_2.wav,Yes
Abuse_4.wav,No
Abuse_5.wav,No
Abuse_6.wav,Yes
Abuse_8.wav,No
Abuse_9.wav,No
Abuse_10.wav,No
Abuse_12.wav,No
Abuse_13.wav,No
Abuse_15.wav,No
Abuse_18.wav,No
Abuse_21.wav,Yes
Abuse_22.wav,No
Abuse_23.wav,No
Abuse_24.wav,Yes
Abuse_25.wav,No
Abuse_26.wav,Yes
Abuse_27.wav,Yes
Abuse_28.wav,Yes
Abuse_29.wav,No
Abuse_30.wav,No
Abuse_32.wav,Yes
Abuse_34.wav,No
Abuse_35.wav,No
Abuse_36.wav,No
Abuse_37.wav,Yes
Abuse_39.wav,No
Abuse_40.wav,Yes
Abuse_41.wav,No
Abuse_43.wav,Yes
Abuse_45.wav,Yes
Abuse_47.wav,No
Abuse_49.wav,No
Abuse_50.wav,No
Abuse_51.wav,No
Abuse_52.wav,Yes
Abuse_54.wav,Yes
Abuse_55.wav,No
Abuse_58.wav,No
Abuse_60.wav,No
Abuse_61.wav,No
Abuse_63.wav,No
Abuse_64.wav,No
Abuse_65.wav,No
Abuse_66.wav,Yes
Abuse_67.wav,No
Abuse_68.wav,No
Abuse_69.wav,No
Abuse_71.wav,Yes
Abuse_72.wav,No
Abuse_73.wav,Yes
Abuse_74.wav,No
Abuse_75.wav,No
Abuse_76.wav,Yes
Abuse_80.wav,Yes
Abuse_81.wav,No
Abuse_82.wav,No
Abuse_83.wav,No
Abuse_84.wav,No
Abuse_85.wav,Yes
Abuse_86.wav,Yes
Abuse_87.wav,No
Abuse_88.wav,No
Abuse_89.wav,Yes
Abuse_90.wav,No
Abuse_91.wav,No
Abuse_92.wav,No
Abuse_93.wav,No
Abuse_95.wav,No
Abuse_96.wav,Yes
Abuse_98.wav,No
Abuse_99.wav,No
Abuse_100.wav,Yes
Abuse_101.wav,No
Abuse_103.wav,Yes
Abuse_104.wav,Yes
Abuse_107.wav,Yes
Abuse_108.wav,No
Abuse_109.wav,No
Abuse_110.wav,Yes
Abuse_111.wav,No
Abuse_112.wav,No
Abuse_113.wav,Yes
Abuse_114.wav,Yes
Abuse_115.wav,No
Abuse_116.wav,No
Abuse_117.wav,Yes
Abuse_118.wav,Yes
Abuse_120.wav,Yes
Abuse_121.wav,No
Abuse_123.wav,Yes
Abuse_125.wav,Yes
Abuse_126.wav,No
Abuse_127.wav,Yes
Abuse_128.wav,No
Abuse_129.wav,Yes
Abuse_130.wav,No
Abuse_131.wav,No
Abuse_132.wav,No
Abuse_133.wav,No
Abuse_134.wav,Yes
Abuse_137.wav,No
Abuse_138.wav,Yes
Abuse_139.wav,Yes
Abuse_141.wav,No
Abuse_143.wav,No
Abuse_145.wav,No
Abuse_147.wav,Yes
Abuse_148.wav,No
Abuse_149.wav,No
Abuse_150.wav,No
Abuse_151.wav,Yes
Abuse_152.wav,No
Abuse_153.wav,No
Abuse_155.wav,No
Abuse_157.wav,Yes
Abuse_158.wav,Yes
Abuse_159.wav,Yes
Abuse_160.wav,Yes
Abuse_161.wav,No
Abuse_162.wav,No
Abuse_163.wav,No
Abuse_164.wav,No
Abuse_166.wav,No
Abuse_168.wav,No
Abuse_169.wav,No
Abuse_171.wav,No
Abuse_174.wav,No
Abuse_176.wav,Yes
Abuse_177.wav,No
Abuse_179.wav,Yes
Abuse_180.wav,No
Abuse_181.wav,No
Abuse_182.wav,Yes
Abuse_184.wav,No
Abuse_185.wav,No
Abuse_188.wav,Yes
Abuse_189.wav,No
Abuse_190.wav,No
Abuse_191.wav,No
Abuse_192.wav,No
Abuse_195.wav,Yes
Abuse_196.wav,Yes
Abuse_197.wav,Yes
Abuse_198.wav,No
Abuse_199.wav,No
Abuse_201.wav,No
Abuse_202.wav,No
Abuse_205.wav,No
Abuse_207.wav,No
Abuse_208.wav,No
Abuse_212.wav,No
Abuse_213.wav,No
Abuse_214.wav,No
Abuse_217.wav,Yes
Abuse_219.wav,No
Abuse_220.wav,No
Abuse_221.wav,No
Abuse_222.wav,No
Abuse_223.wav,Yes
Abuse_224.wav,Yes
Abuse_226.wav,No
Abuse_227.wav,Yes
Abuse_229.wav,No
Abuse_230.wav,No
Abuse_234.wav,Yes
Abuse_236.wav,Yes
Abuse_239.wav,No
Abuse_240.wav,No
Abuse_241.wav,No
Abuse_242.wav,No
Abuse_243.wav,Yes
Abuse_244.wav,Yes
Abuse_246.wav,No
Abuse_247.wav,Yes
Abuse_249.wav,No
Abuse_250.wav,Yes
Abuse_252.wav,No
Abuse_253.wav,Yes
Abuse_255.wav,Yes
Abuse_256.wav,No
Abuse_257.wav,Yes
Abuse_259.wav,No
Abuse_261.wav,No
Abuse_262.wav,Yes
Abuse_263.wav,No
Abuse_266.wav,No
Abuse_267.wav,Yes
Abuse_268.wav,Yes
Abuse_270.wav,No
Abuse_271.wav,Yes
Abuse_272.wav,Yes
Abuse_277.wav,Yes
Abuse_279.wav,Yes
Abuse_280.wav,No
Abuse_281.wav,Yes
Abuse_283.wav,Yes
Abuse_284.wav,Yes
Abuse_285.wav,Yes
Abuse_286.wav,Yes
Abuse_287.wav,No
Abuse_290.wav,No
Abuse_291.wav,Yes
Abuse_293.wav,No
Abuse_294.wav,Yes
Abuse_295.wav,No
Abuse_296.wav,No
Abuse_298.wav,No
Abuse_299.wav,No
Abuse_302.wav,Yes
Abuse_303.wav,No
Abuse_304.wav,Yes
Abuse_305.wav,Yes
Abuse_306.wav,No
Abuse_307.wav,No
Abuse_309.wav,No
Abuse_311.wav,No
Abuse_312.wav,Yes
Abuse_313.wav,No
Abuse_314.wav,Yes
Abuse_315.wav,No
Abuse_316.wav,No
Abuse_317.wav,No
Abuse_319.wav,Yes
Abuse_322.wav,No
Abuse_324.wav,No
Abuse_325.wav,No
Abuse_326.wav,Yes
Abuse_328.wav,Yes
Abuse_329.wav,No
Abuse_330.wav,Yes
Abuse_331.wav,No
Abuse_332.wav,Yes
Abuse_333.wav,Yes
Abuse_335.wav,No
Abuse_336.wav,Yes
Abuse_337.wav,Yes
Abuse_338.wav,No
Abuse_339.wav,Yes
Abuse_341.wav,Yes
Abuse_343.wav,No
Abuse_344.wav,Yes
Abuse_345.wav,Yes
Abuse_347.wav,No
Abuse_348.wav,No
Abuse_349.wav,No
Abuse_351.wav,Yes
Abuse_352.wav,No
Abuse_353.wav,No
Abuse_354.wav,Yes
Abuse_355.wav,Yes
Abuse_357.wav,No
Abuse_359.wav,No
Abuse_361.wav,Yes
Abuse_362.wav,Yes
Abuse_363.wav,No
Abuse_366.wav,No
Abuse_367.wav,Yes
Abuse_368.wav,Yes
Abuse_371.wav,Yes
Abuse_372.wav,No
Abuse_374.wav,No
Abuse_375.wav,No
Abuse_377.wav,No
Abuse_378.wav,No
Abuse_379.wav,No
Abuse_380.wav,No
Abuse_381.wav,No
Abuse_382.wav,Yes
Abuse_386.wav,Yes
Abuse_387.wav,No
Abuse_388.wav,No
Abuse_389.wav,No
Abuse_390.wav,No
Abuse_393.wav,Yes
Abuse_394.wav,No
Abuse_395.wav,No
Abuse_396.wav,No
Abuse_397.wav,Yes
Abuse_398.wav,No
Abuse_399.wav,Yes
Abuse_400.wav,No
Abuse_401.wav,No
Abuse_402.wav,No
Abuse_404.wav,Yes
Abuse_406.wav,No
Abuse_407.wav,Yes
Abuse_408.wav,Yes
Abuse_410.wav,No
Abuse_413.wav,Yes
Abuse_414.wav,No
Abuse_415.wav,No
Abuse_416.wav,No
Abuse_419.wav,No
Abuse_420.wav,No
Abuse_422.wav,No
Abuse_424.wav,Yes
Abuse_426.wav,No
Abuse_427.wav,Yes
Abuse_428.wav,No
Abuse_429.wav,Yes
Abuse_430.wav,Yes
Abuse_431.wav,Yes
Abuse_434.wav,Yes
Abuse_435.wav,Yes
Abuse_436.wav,No
Abuse_437.wav,Yes
Abuse_438.wav,No
Abuse_442.wav,No
Abuse_445.wav,No
Abuse_446.wav,No
Abuse_448.wav,Yes
Abuse_449.wav,No
Abuse_450.wav,No
Abuse_452.wav,No
Abuse_453.wav,No
Abuse_454.wav,Yes
Abuse_455.wav,No
Abuse_456.wav,Yes
Abuse_457.wav,Yes
Abuse_460.wav,No
Abuse_461.wav,No
Abuse_462.wav,Yes
Abuse_463.wav,Yes
Abuse_464.wav,No
Abuse_467.wav,Yes
Abuse_468.wav,No
Abuse_469.wav,No
Abuse_470.wav,Yes
Abuse_473.wav,Yes
Abuse_474.wav,No
Abuse_477.wav,No
Abuse_482.wav,Yes
Abuse_487.wav,No
Abuse_488.wav,Yes
Abuse_489.wav,No
Abuse_490.wav,No
Abuse_491.wav,No
Abuse_492.wav,No
Abuse_494.wav,No
Abuse_496.wav,Yes
Abuse_497.wav,No
Abuse_498.wav,No
Abuse_500.wav,Yes
Abuse_501.wav,No
Abuse_502.wav,No
Abuse_504.wav,Yes
Abuse_505.wav,No
Abuse_507.wav,Yes
Abuse_508.wav,Yes
Abuse_509.wav,No
Abuse_510.wav,No
Abuse_511.wav,No
Abuse_512.wav,Yes
Abuse_513.wav,No
Abuse_515.wav,No
Abuse_517.wav,Yes
Abuse_518.wav,No
Abuse_519.wav,Yes
Abuse_520.wav,No
Abuse_523.wav,Yes
Abuse_526.wav,No
Abuse_527.wav,No
Abuse_529.wav,No
Abuse_530.wav,Yes
Abuse_531.wav,No
Abuse_534.wav,Yes
Abuse_536.wav,Yes
Abuse_537.wav,No
Abuse_538.wav,No
Abuse_539.wav,No
Abuse_540.wav,Yes
Abuse_541.wav,No
Abuse_542.wav,No
Abuse_543.wav,Yes
Abuse_544.wav,Yes
Abuse_545.wav,No
Abuse_546.wav,Yes
Abuse_547.wav,No
Abuse_548.wav,No
Abuse_549.wav,No
Abuse_551.wav,Yes
Abuse_552.wav,No
Abuse_553.wav,No
Abuse_554.wav,No
Abuse_555.wav,No
Abuse_556.wav,Yes
Abuse_558.wav,No
Abuse_559.wav,No
Abuse_560.wav,Yes
Abuse_563.wav,No
Abuse_564.wav,No
Abuse_566.wav,No
Abuse_568.wav,No
Abuse_570.wav,Yes
Abuse_571.wav,No
Abuse_573.wav,No
Abuse_574.wav,Yes
Abuse_575.wav,No
Abuse_577.wav,No
Abuse_578.wav,No
Abuse_579.wav,No
Abuse_580.wav,Yes
Abuse_581.wav,Yes
Abuse_583.wav,No
Abuse_584.wav,No
Abuse_585.wav,No
Abuse_586.wav,Yes
Abuse_588.wav,Yes
Abuse_590.wav,Yes
Abuse_591.wav,Yes
Abuse_593.wav,Yes
Abuse_594.wav,No
Abuse_595.wav,Yes
Abuse_596.wav,No
Abuse_597.wav,No
Abuse_599.wav,No
Abuse_602.wav,Yes
Abuse_603.wav,No
Abuse_604.wav,No
Abuse_605.wav,Yes
Abuse_606.wav,No
Abuse_607.wav,No
Abuse_608.wav,No
Abuse_610.wav,No
Abuse_611.wav,No
Abuse_612.wav,Yes
Abuse_615.wav,Yes
Abuse_617.wav,No
Abuse_619.wav,Yes
Abuse_621.wav,No
Abuse_622.wav,No
Abuse_623.wav,Yes
Abuse_624.wav,No
Abuse_625.wav,No
Abuse_626.wav,Yes
Abuse_628.wav,No
Abuse_630.wav,No
Abuse_633.wav,Yes
Abuse_634.wav,No
Abuse_636.wav,Yes
Abuse_638.wav,Yes
Abuse_639.wav,Yes
Abuse_640.wav,No
Abuse_641.wav,No
Abuse_642.wav,No
Abuse_643.wav,No
Abuse_644.wav,Yes
Abuse_645.wav,No
Abuse_646.wav,No
Abuse_651.wav,No
Abuse_653.wav,Yes
Abuse_654.wav,Yes
Abuse_655.wav,No
Abuse_656.wav,No
Abuse_659.wav,Yes
Abuse_660.wav,Yes
Abuse_662.wav,Yes
Abuse_663.wav,Yes
Abuse_665.wav,No
Abuse_666.wav,No
Abuse_667.wav,Yes
Abuse_668.wav,Yes
Abuse_669.wav,No
Abuse_670.wav,Yes
Abuse_671.wav,No
Abuse_672.wav,No
Abuse_673.wav,Yes
Abuse_674.wav,No
Abuse_675.wav,No
Abuse_676.wav,Yes
Abuse_680.wav,Yes
Abuse_681.wav,No
Abuse_682.wav,No
Abuse_687.wav,No
Abuse_691.wav,No
Abuse_692.wav,Yes
Abuse_693.wav,No
Abuse_694.wav,No
Abuse_696.wav,Yes
Abuse_701.wav,No
Abuse_703.wav,Yes
Abuse_706.wav,No
Abuse_708.wav,No
Abuse_709.wav,Yes
Abuse_710.wav,No
Abuse_711.wav,No
Abuse_712.wav,No
Abuse_713.wav,Yes
Abuse_714.wav,No
Abuse_715.wav,No
Abuse_716.wav,No
Abuse_718.wav,Yes
Abuse_719.wav,No
Abuse_720.wav,No
Abuse_722.wav,No
Abuse_724.wav,No
Abuse_727.wav,No
Abuse_728.wav,No
Abuse_729.wav,Yes
Abuse_730.wav,Yes
Abuse_732.wav,No
Abuse_733.wav,Yes
Abuse_734.wav,No
Abuse_735.wav,No
Abuse_736.wav,No
Abuse_737.wav,No
Abuse_739.wav,No
Abuse_740.wav,Yes
Abuse_741.wav,No
Abuse_742.wav,No
Abuse_744.wav,Yes
Abuse_745.wav,Yes
Abuse_746.wav,No
Abuse_747.wav,No
Abuse_749.wav,No
Abuse_750.wav,Yes
Abuse_751.wav,Yes
Abuse_753.wav,No
Abuse_754.wav,Yes
Abuse_755.wav,No
Abuse_757.wav,No
Abuse_758.wav,No
Abuse_759.wav,Yes
Abuse_760.wav,No
Abuse_762.wav,Yes
Abuse_764.wav,No
Abuse_766.wav,No
Abuse_767.wav,No
Abuse_769.wav,No
Abuse_770.wav,Yes
Abuse_771.wav,No
Abuse_772.wav,No
Abuse_775.wav,Yes
Abuse_776.wav,No
Abuse_779.wav,No
Abuse_781.wav,No
Abuse_782.wav,No
Abuse_785.wav,Yes
Abuse_786.wav,No
Abuse_787.wav,Yes
Abuse_789.wav,Yes
Abuse_790.wav,No
Abuse_793.wav,No
Abuse_794.wav,Yes
Abuse_797.wav,No
Abuse_798.wav,No
Abuse_799.wav,Yes
Abuse_802.wav,Yes
Abuse_803.wav,No
Abuse_804.wav,No
Abuse_805.wav,No
Abuse_806.wav,No
Abuse_808.wav,No
Abuse_809.wav,No
Abuse_811.wav,No
Abuse_812.wav,No
Abuse_816.wav,Yes
Abuse_818.wav,No
Abuse_819.wav,No
Abuse_822.wav,Yes
Abuse_823.wav,No
Abuse_824.wav,Yes
Abuse_825.wav,No
Abuse_826.wav,Yes
Abuse_827.wav,Yes
Abuse_828.wav,No
Abuse_829.wav,No
Abuse_832.wav,No
Abuse_836.wav,No
Abuse_838.wav,No
Abuse_840.wav,No
Abuse_841.wav,No
Abuse_842.wav,No
Abuse_844.wav,No
Abuse_845.wav,No
Abuse_846.wav,No
Abuse_848.wav,No
Abuse_851.wav,No
Abuse_852.wav,No
Abuse_853.wav,No
Abuse_854.wav,Yes
Abuse_855.wav,Yes
Abuse_856.wav,Yes
Abuse_857.wav,No
Abuse_858.wav,No
Abuse_860.wav,No
Abuse_862.wav,Yes
Abuse_864.wav,No
Abuse_865.wav,No
Abuse_867.wav,No
Abuse_868.wav,Yes
Abuse_871.wav,Yes
Abuse_873.wav,No
Abuse_874.wav,Yes
Abuse_875.wav,No
Abuse_879.wav,No
Abuse_880.wav,No
Abuse_881.wav,No
Abuse_882.wav,Yes
Abuse_883.wav,No
Abuse_885.wav,No
Abuse_888.wav,Yes
Abuse_889.wav,No
Abuse_890.wav,No
Abuse_891.wav,Yes
Abuse_892.wav,Yes
Abuse_893.wav,No
Abuse_894.wav,No
Abuse_900.wav,No
Abuse_901.wav,No
Abuse_903.wav,No
Abuse_904.wav,Yes
Abuse_905.wav,Yes
Abuse_906.wav,No
Abuse_907.wav,Yes
Abuse_908.wav,No
Abuse_911.wav,No
Abuse_914.wav,Yes
Abuse_915.wav,No
Abuse_916.wav,Yes
Abuse_917.wav,No
Abuse_919.wav,Yes
Abuse_920.wav,No
Abuse_921.wav,No
Abuse_922.wav,No
Abuse_923.wav,Yes
Abuse_924.wav,No
Abuse_930.wav,No
Abuse_931.wav,No
Abuse_932.wav,Yes
Abuse_935.wav,No
Abuse_936.wav,No
Abuse_940.wav,No
Abuse_941.wav,Yes
Abuse_942.wav,No
Abuse_943.wav,No
Abuse_944.wav,Yes
Abuse_946.wav,Yes
Abuse_947.wav,No
Abuse_950.wav,No
Abuse_954.wav,No
Abuse_955.wav,Yes
Abuse_957.wav,No
Abuse_958.wav,Yes
Abuse_960.wav,No
Abuse_961.wav,Yes
Abuse_962.wav,No
Abuse_963.wav,No
Abuse_964.wav,No
Abuse_965.wav,No
Abuse_966.wav,Yes
Abuse_967.wav,No
Abuse_969.wav,No
Abuse_970.wav,No
Abuse_971.wav,No
Abuse_972.wav,No
Abuse_974.wav,Yes
Abuse_975.wav,No
Abuse_976.wav,No
Abuse_977.wav,No
Abuse_979.wav,No
Abuse_980.wav,No
Abuse_981.wav,No
Abuse_982.wav,Yes
Abuse_983.wav,No
Abuse_985.wav,No
Abuse_987.wav,Yes
Abuse_988.wav,Yes
Abuse_990.wav,No
Abuse_991.wav,No
Abuse_992.wav,No
Abuse_993.wav,No
Abuse_994.wav,No
Abuse_995.wav,No
Abuse_996.wav,No
Abuse_997.wav,No
Abuse_998.wav,Yes
Abuse_999.wav,No
Abuse_1000.wav,No
Abuse_1002.wav,Yes
Abuse_1004.wav,No
Abuse_1005.wav,Yes
Abuse_1006.wav,No
Abuse_1007.wav,No
Abuse_1008.wav,Yes
Abuse_1009.wav,Yes
Abuse_1010.wav,Yes
Abuse_1011.wav,Yes
Abuse_1012.wav,No
Abuse_1013.wav,No
Abuse_1014.wav,No
Abuse_1015.wav,No
Abuse_1016.wav,Yes
Abuse_1017.wav,Yes
Abuse_1019.wav,Yes
Abuse_1020.wav,Yes
Abuse_1021.wav,No
Abuse_1022.wav,No
Abuse_1025.wav,Yes
Abuse_1026.wav,Yes
Abuse_1028.wav,Yes
Abuse_1029.wav,Yes
Abuse_1031.wav,No
Abuse_1033.wav,Yes
Abuse_1034.wav,Yes
Abuse_1036.wav,No
Abuse_1037.wav,No
Abuse_1038.wav,No
Abuse_1039.wav,No
Abuse_1040.wav,Yes
Abuse_1041.wav,No
Abuse_1042.wav,No
Abuse_1043.wav,No
Abuse_1044.wav,No
Abuse_1045.wav,No
Abuse_1046.wav,No
Abuse_1047.wav,No
Abuse_1048.wav,No
Abuse_1049.wav,Yes
Abuse_1052.wav,No
Abuse_1055.wav,Yes
Abuse_1056.wav,Yes
Abuse_1058.wav,Yes
Abuse_1059.wav,Yes
Abuse_1060.wav,No
Abuse_1061.wav,Yes
Abuse_1062.wav,No
Abuse_1063.wav,No
Abuse_1064.wav,No
Abuse_1065.wav,No
Abuse_1069.wav,No
Abuse_1071.wav,No
Abuse_1073.wav,No
Abuse_1074.wav,No
Abuse_1075.wav,No
Abuse_1078.wav,No
Abuse_1080.wav,Yes
Abuse_1081.wav,Yes
Abuse_1082.wav,No
Abuse_1085.wav,Yes
Abuse_1086.wav,No
Abuse_1087.wav,No
Abuse_1092.wav,No
Abuse_1094.wav,Yes
Abuse_1095.wav,Yes
Abuse_1096.wav,No
Abuse_1097.wav,No
Abuse_1099.wav,Yes
Abuse_1102.wav,No
Abuse_1104.wav,No
Abuse_1105.wav,Yes
Abuse_1106.wav,Yes
Abuse_1107.wav,No
Abuse_1108.wav,No
Abuse_1110.wav,No
Abuse_1111.wav,Yes
Abuse_1114.wav,No
Abuse_1115.wav,No
Abuse_1116.wav,No
Abuse_1117.wav,No
Abuse_1118.wav,No
Abuse_1119.wav,No
Abuse_1120.wav,No
Abuse_1121.wav,No
Abuse_1123.wav,Yes
Abuse_1124.wav,No
Abuse_1126.wav,No
Abuse_1127.wav,Yes
Abuse_1133.wav,No
Abuse_1135.wav,No
Abuse_1136.wav,No
Abuse_1137.wav,Yes
Abuse_1138.wav,No
Abuse_1139.wav,No
Abuse_1142.wav,No
Abuse_1144.wav,No
Abuse_1145.wav,No
Abuse_1148.wav,No
Abuse_1149.wav,No
Abuse_1150.wav,Yes
Abuse_1152.wav,Yes
Abuse_1153.wav,No
Abuse_1154.wav,Yes
Abuse_1156.wav,Yes
Abuse_1157.wav,No
Abuse_1158.wav,Yes
Abuse_1160.wav,No
Abuse_1161.wav,No
Abuse_1163.wav,Yes
Abuse_1164.wav,No
Abuse_1165.wav,Yes
Abuse_1166.wav,Yes
Abuse_1167.wav,Yes
Abuse_1168.wav,No
Abuse_1169.wav,No
Abuse_1170.wav,No
Abuse_1174.wav,No
Abuse_1175.wav,No
Abuse_1176.wav,Yes
Abuse_1177.wav,No
Abuse_1178.wav,No
Abuse_1179.wav,No
Abuse_1180.wav,Yes
Abuse_1181.wav,No
Abuse_1183.wav,Yes
Abuse_1186.wav,Yes
Abuse_1188.wav,No
Abuse_1189.wav,No
Abuse_1191.wav,Yes
Abuse_1194.wav,No
Abuse_1195.wav,Yes
Abuse_1196.wav,No
Abuse_1197.wav,Yes
Abuse_1198.wav,Yes
Abuse_1199.wav,Yes
