filename,label
Abuse_1.wav,No
Abuse_2.wav,Yes
Abuse_4.wav,No
Abuse_5.wav,Yes
Abuse_6.wav,Yes
Abuse_8.wav,Yes
Abuse_9.wav,No
Abuse_10.wav,Yes
Abuse_12.wav,Yes
Abuse_13.wav,Yes
Abuse_15.wav,No
Abuse_17.wav,No
Abuse_20.wav,Yes
Abuse_21.wav,No
Abuse_22.wav,Yes
Abuse_23.wav,No
Abuse_24.wav,No
Abuse_25.wav,Yes
Abuse_26.wav,Yes
Abuse_27.wav,No
Abuse_28.wav,Yes
Abuse_29.wav,No
Abuse_31.wav,Yes
Abuse_33.wav,No
Abuse_34.wav,No
Abuse_35.wav,No
Abuse_36.wav,No
Abuse_38.wav,No
Abuse_39.wav,No
Abuse_40.wav,Yes
Abuse_42.wav,Yes
Abuse_44.wav,Yes
Abuse_46.wav,Yes
Abuse_48.wav,No
Abuse_49.wav,Yes
Abuse_50.wav,No
Abuse_51.wav,Yes
Abuse_53.wav,Yes
Abuse_54.wav,Yes
Abuse_57.wav,Yes
Abuse_59.wav,No
Abuse_60.wav,No
Abuse_62.wav,Yes
Abuse_63.wav,Yes
Abuse_64.wav,Yes
Abuse_65.wav,Yes
Abuse_66.wav,No
Abuse_67.wav,Yes
Abuse_68.wav,No
Abuse_70.wav,Yes
Abuse_71.wav,No
Abuse_72.wav,Yes
Abuse_73.wav,No
Abuse_74.wav,Yes
Abuse_75.wav,Yes
Abuse_79.wav,Yes
Abuse_80.wav,No
Abuse_81.wav,Yes
Abuse_82.wav,No
Abuse_83.wav,No
Abuse_84.wav,No
Abuse_85.wav,Yes
Abuse_86.wav,No
Abuse_87.wav,Yes
Abuse_88.wav,Yes
Abuse_89.wav,No
Abuse_90.wav,No
Abuse_91.wav,No
Abuse_93.wav,No
Abuse_95.wav,No
Abuse_96.wav,Yes
Abuse_98.wav,No
Abuse_99.wav,Yes
Abuse_100.wav,No
Abuse_101.wav,No
Abuse_103.wav,No
Abuse_104.wav,Yes
Abuse_107.wav,Yes
Abuse_108.wav,No
Abuse_109.wav,No
Abuse_110.wav,Yes
Abuse_111.wav,Yes
Abuse_112.wav,Yes
Abuse_113.wav,No
Abuse_114.wav,Yes
Abuse_115.wav,Yes
Abuse_116.wav,No
Abuse_117.wav,No
Abuse_118.wav,No
Abuse_120.wav,Yes
Abuse_121.wav,No
Abuse_123.wav,No
Abuse_125.wav,No
Abuse_126.wav,No
Abuse_127.wav,Yes
Abuse_128.wav,Yes
Abuse_129.wav,No
Abuse_130.wav,No
Abuse_131.wav,No
Abuse_132.wav,Yes
Abuse_133.wav,No
Abuse_134.wav,No
Abuse_137.wav,Yes
Abuse_138.wav,Yes
Abuse_139.wav,No
Abuse_141.wav,Yes
Abuse_143.wav,Yes
Abuse_145.wav,No
Abuse_147.wav,Yes
Abuse_148.wav,No
Abuse_149.wav,No
Abuse_150.wav,No
Abuse_151.wav,No
Abuse_152.wav,No
Abuse_153.wav,No
Abuse_155.wav,No
Abuse_157.wav,No
Abuse_158.wav,No
Abuse_159.wav,Yes
Abuse_160.wav,Yes
Abuse_161.wav,No
Abuse_162.wav,No
Abuse_163.wav,No
Abuse_164.wav,No
Abuse_166.wav,No
Abuse_167.wav,Yes
Abuse_168.wav,No
Abuse_170.wav,No
Abuse_173.wav,Yes
Abuse_175.wav,No
Abuse_176.wav,No
Abuse_178.wav,No
Abuse_179.wav,No
Abuse_180.wav,Yes
Abuse_181.wav,Yes
Abuse_183.wav,Yes
Abuse_184.wav,Yes
Abuse_187.wav,No
Abuse_188.wav,No
Abuse_189.wav,Yes
Abuse_190.wav,Yes
Abuse_191.wav,Yes
Abuse_193.wav,Yes
Abuse_194.wav,Yes
Abuse_195.wav,Yes
Abuse_196.wav,No
Abuse_197.wav,Yes
Abuse_199.wav,Yes
Abuse_200.wav,No
Abuse_203.wav,No
Abuse_205.wav,Yes
Abuse_206.wav,No
Abuse_209.wav,Yes
Abuse_210.wav,Yes
Abuse_211.wav,No
Abuse_214.wav,Yes
Abuse_216.wav,Yes
Abuse_217.wav,Yes
Abuse_218.wav,Yes
Abuse_219.wav,No
Abuse_220.wav,Yes
Abuse_221.wav,Yes
Abuse_223.wav,No
Abuse_224.wav,Yes
Abuse_226.wav,No
Abuse_230.wav,No
Abuse_232.wav,Yes
Abuse_235.wav,No
Abuse_236.wav,No
Abuse_237.wav,Yes
Abuse_238.wav,Yes
Abuse_239.wav,No
Abuse_240.wav,No
Abuse_242.wav,Yes
Abuse_243.wav,No
Abuse_245.wav,Yes
Abuse_246.wav,No
Abuse_248.wav,Yes
Abuse_249.wav,No
Abuse_251.wav,No
Abuse_252.wav,Yes
Abuse_253.wav,Yes
Abuse_255.wav,Yes
Abuse_257.wav,No
Abuse_258.wav,Yes
Abuse_259.wav,Yes
Abuse_262.wav,No
Abuse_263.wav,Yes
Abuse_264.wav,Yes
Abuse_266.wav,No
Abuse_267.wav,No
Abuse_268.wav,Yes
Abuse_273.wav,No
Abuse_275.wav,Yes
Abuse_276.wav,Yes
Abuse_277.wav,No
Abuse_279.wav,Yes
Abuse_280.wav,Yes
Abuse_281.wav,Yes
Abuse_282.wav,Yes
Abuse_283.wav,Yes
Abuse_286.wav,No
Abuse_287.wav,No
Abuse_289.wav,Yes
Abuse_290.wav,Yes
Abuse_291.wav,Yes
Abuse_292.wav,Yes
Abuse_294.wav,Yes
Abuse_295.wav,Yes
Abuse_298.wav,No
Abuse_299.wav,Yes
Abuse_300.wav,Yes
Abuse_301.wav,Yes
Abuse_302.wav,Yes
Abuse_303.wav,Yes
Abuse_305.wav,No
Abuse_307.wav,No
Abuse_308.wav,No
Abuse_309.wav,No
Abuse_310.wav,No
Abuse_311.wav,No
Abuse_312.wav,No
Abuse_313.wav,Yes
Abuse_315.wav,No
Abuse_318.wav,No
Abuse_319.wav,Yes
Abuse_320.wav,No
Abuse_321.wav,No
Abuse_323.wav,Yes
Abuse_324.wav,Yes
Abuse_325.wav,Yes
Abuse_326.wav,Yes
Abuse_327.wav,Yes
Abuse_328.wav,No
Abuse_330.wav,Yes
Abuse_332.wav,No
Abuse_333.wav,Yes
Abuse_334.wav,Yes
Abuse_335.wav,No
Abuse_337.wav,No
Abuse_339.wav,No
Abuse_340.wav,Yes
Abuse_341.wav,No
Abuse_343.wav,Yes
Abuse_344.wav,Yes
Abuse_345.wav,No
Abuse_347.wav,Yes
Abuse_348.wav,No
Abuse_349.wav,Yes
Abuse_350.wav,Yes
Abuse_351.wav,Yes
Abuse_353.wav,No
Abuse_355.wav,Yes
Abuse_357.wav,No
Abuse_358.wav,No
Abuse_359.wav,Yes
Abuse_362.wav,No
Abuse_363.wav,No
Abuse_364.wav,No
Abuse_367.wav,No
Abuse_368.wav,Yes
Abuse_370.wav,No
Abuse_371.wav,Yes
Abuse_373.wav,No
Abuse_375.wav,No
Abuse_376.wav,No
Abuse_377.wav,No
Abuse_378.wav,Yes
Abuse_379.wav,No
Abuse_382.wav,No
Abuse_383.wav,Yes
Abuse_384.wav,Yes
Abuse_385.wav,Yes
Abuse_386.wav,Yes
Abuse_389.wav,Yes
Abuse_390.wav,No
Abuse_391.wav,No
Abuse_392.wav,No
Abuse_393.wav,Yes
Abuse_394.wav,Yes
Abuse_395.wav,No
Abuse_396.wav,No
Abuse_397.wav,No
Abuse_398.wav,Yes
Abuse_400.wav,No
Abuse_402.wav,Yes
Abuse_403.wav,No
Abuse_404.wav,Yes
Abuse_406.wav,No
Abuse_409.wav,Yes
Abuse_410.wav,Yes
Abuse_411.wav,No
Abuse_412.wav,No
Abuse_415.wav,No
Abuse_416.wav,No
Abuse_418.wav,Yes
Abuse_420.wav,No
Abuse_422.wav,Yes
Abuse_423.wav,No
Abuse_424.wav,Yes
Abuse_425.wav,Yes
Abuse_426.wav,Yes
Abuse_427.wav,Yes
Abuse_430.wav,No
Abuse_431.wav,No
Abuse_432.wav,No
Abuse_433.wav,Yes
Abuse_434.wav,Yes
Abuse_438.wav,Yes
Abuse_441.wav,No
Abuse_442.wav,Yes
Abuse_444.wav,No
Abuse_445.wav,No
Abuse_446.wav,Yes
Abuse_448.wav,Yes
Abuse_449.wav,Yes
Abuse_450.wav,Yes
Abuse_451.wav,No
Abuse_452.wav,Yes
Abuse_453.wav,No
Abuse_456.wav,No
Abuse_457.wav,Yes
Abuse_458.wav,Yes
Abuse_459.wav,Yes
Abuse_460.wav,No
Abuse_464.wav,Yes
Abuse_465.wav,Yes
Abuse_466.wav,No
Abuse_467.wav,No
Abuse_470.wav,No
Abuse_471.wav,Yes
Abuse_473.wav,Yes
Abuse_478.wav,Yes
Abuse_483.wav,No
Abuse_485.wav,No
Abuse_486.wav,No
Abuse_487.wav,Yes
Abuse_488.wav,Yes
Abuse_489.wav,Yes
Abuse_491.wav,No
Abuse_492.wav,No
Abuse_493.wav,No
Abuse_494.wav,Yes
Abuse_496.wav,No
Abuse_497.wav,Yes
Abuse_498.wav,No
Abuse_500.wav,No
Abuse_501.wav,Yes
Abuse_503.wav,Yes
Abuse_504.wav,No
Abuse_505.wav,No
Abuse_507.wav,No
Abuse_508.wav,Yes
Abuse_509.wav,No
Abuse_510.wav,No
Abuse_512.wav,Yes
Abuse_513.wav,Yes
Abuse_514.wav,No
Abuse_515.wav,No
Abuse_518.wav,Yes
Abuse_521.wav,No
Abuse_522.wav,No
Abuse_524.wav,Yes
Abuse_525.wav,No
Abuse_526.wav,No
Abuse_529.wav,No
Abuse_531.wav,No
Abuse_532.wav,No
Abuse_533.wav,No
Abuse_534.wav,Yes
Abuse_535.wav,No
Abuse_536.wav,No
Abuse_537.wav,Yes
Abuse_538.wav,Yes
Abuse_539.wav,Yes
Abuse_540.wav,Yes
Abuse_541.wav,No
Abuse_542.wav,No
Abuse_543.wav,No
Abuse_544.wav,No
Abuse_546.wav,No
Abuse_547.wav,Yes
Abuse_548.wav,Yes
Abuse_549.wav,No
Abuse_550.wav,Yes
Abuse_551.wav,No
Abuse_553.wav,No
Abuse_554.wav,Yes
Abuse_555.wav,No
Abuse_558.wav,No
Abuse_559.wav,Yes
Abuse_561.wav,Yes
Abuse_563.wav,Yes
Abuse_565.wav,Yes
Abuse_566.wav,Yes
Abuse_568.wav,No
Abuse_569.wav,No
Abuse_570.wav,No
Abuse_572.wav,Yes
Abuse_573.wav,No
Abuse_574.wav,Yes
Abuse_575.wav,No
Abuse_576.wav,Yes
Abuse_578.wav,Yes
Abuse_579.wav,No
Abuse_580.wav,Yes
Abuse_581.wav,Yes
Abuse_583.wav,No
Abuse_585.wav,Yes
Abuse_586.wav,No
Abuse_588.wav,No
Abuse_589.wav,Yes
Abuse_590.wav,No
Abuse_591.wav,No
Abuse_592.wav,No
Abuse_594.wav,No
Abuse_596.wav,No
Abuse_597.wav,No
Abuse_598.wav,Yes
Abuse_599.wav,Yes
Abuse_600.wav,Yes
Abuse_601.wav,No
Abuse_602.wav,Yes
Abuse_604.wav,No
Abuse_605.wav,Yes
Abuse_606.wav,Yes
Abuse_609.wav,No
Abuse_611.wav,No
Abuse_613.wav,Yes
Abuse_615.wav,Yes
Abuse_616.wav,Yes
Abuse_617.wav,No
Abuse_618.wav,No
Abuse_619.wav,No
Abuse_620.wav,Yes
Abuse_622.wav,No
Abuse_624.wav,No
Abuse_627.wav,No
Abuse_628.wav,Yes
Abuse_629.wav,Yes
Abuse_631.wav,Yes
Abuse_632.wav,No
Abuse_633.wav,Yes
Abuse_634.wav,No
Abuse_635.wav,Yes
Abuse_636.wav,No
Abuse_637.wav,No
Abuse_638.wav,Yes
Abuse_639.wav,No
Abuse_644.wav,No
Abuse_646.wav,No
Abuse_647.wav,Yes
Abuse_648.wav,No
Abuse_649.wav,Yes
Abuse_652.wav,No
Abuse_653.wav,Yes
Abuse_655.wav,Yes
Abuse_656.wav,No
Abuse_658.wav,No
Abuse_659.wav,No
Abuse_660.wav,No
Abuse_661.wav,Yes
Abuse_662.wav,No
Abuse_663.wav,No
Abuse_664.wav,No
Abuse_665.wav,Yes
Abuse_666.wav,Yes
Abuse_667.wav,No
Abuse_668.wav,Yes
Abuse_669.wav,No
Abuse_673.wav,Yes
Abuse_674.wav,No
Abuse_675.wav,No
Abuse_679.wav,No
Abuse_683.wav,No
Abuse_684.wav,No
Abuse_685.wav,No
Abuse_686.wav,No
Abuse_688.wav,Yes
Abuse_693.wav,Yes
Abuse_695.wav,No
Abuse_698.wav,No
Abuse_700.wav,Yes
Abuse_701.wav,Yes
Abuse_702.wav,No
Abuse_703.wav,Yes
Abuse_704.wav,No
Abuse_705.wav,Yes
Abuse_706.wav,Yes
Abuse_707.wav,No
Abuse_708.wav,Yes
Abuse_710.wav,Yes
Abuse_711.wav,Yes
Abuse_712.wav,Yes
Abuse_714.wav,No
Abuse_716.wav,Yes
Abuse_719.wav,No
Abuse_720.wav,Yes
Abuse_721.wav,Yes
Abuse_722.wav,Yes
Abuse_724.wav,No
Abuse_725.wav,Yes
Abuse_726.wav,No
Abuse_727.wav,Yes
Abuse_728.wav,Yes
Abuse_729.wav,Yes
Abuse_731.wav,Yes
Abuse_732.wav,No
Abuse_733.wav,Yes
Abuse_734.wav,No
Abuse_736.wav,No
Abuse_737.wav,Yes
Abuse_738.wav,No
Abuse_739.wav,Yes
Abuse_741.wav,No
Abuse_742.wav,No
Abuse_743.wav,No
Abuse_745.wav,Yes
Abuse_746.wav,No
Abuse_747.wav,No
Abuse_749.wav,No
Abuse_750.wav,Yes
Abuse_751.wav,No
Abuse_754.wav,Yes
Abuse_756.wav,No
Abuse_758.wav,No
Abuse_760.wav,Yes
Abuse_761.wav,Yes
Abuse_763.wav,No
Abuse_764.wav,Yes
Abuse_765.wav,No
Abuse_766.wav,Yes
Abuse_769.wav,Yes
Abuse_770.wav,No
Abuse_773.wav,No
Abuse_775.wav,No
Abuse_776.wav,Yes
Abuse_780.wav,Yes
Abuse_781.wav,Yes
Abuse_782.wav,Yes
Abuse_784.wav,No
Abuse_785.wav,Yes
Abuse_788.wav,Yes
Abuse_789.wav,No
Abuse_791.wav,No
Abuse_792.wav,Yes
Abuse_793.wav,No
Abuse_796.wav,Yes
Abuse_797.wav,Yes
Abuse_798.wav,Yes
Abuse_799.wav,No
Abuse_800.wav,Yes
Abuse_802.wav,Yes
Abuse_803.wav,No
Abuse_805.wav,No
Abuse_806.wav,No
Abuse_810.wav,No
Abuse_812.wav,No
Abuse_813.wav,Yes
Abuse_816.wav,No
Abuse_817.wav,Yes
Abuse_818.wav,Yes
Abuse_819.wav,Yes
Abuse_820.wav,No
Abuse_821.wav,Yes
Abuse_822.wav,Yes
Abuse_823.wav,No
Abuse_826.wav,Yes
Abuse_830.wav,Yes
Abuse_832.wav,Yes
Abuse_834.wav,No
Abuse_835.wav,No
Abuse_836.wav,No
Abuse_838.wav,No
Abuse_839.wav,No
Abuse_840.wav,No
Abuse_842.wav,Yes
Abuse_845.wav,No
Abuse_846.wav,Yes
Abuse_847.wav,No
Abuse_848.wav,Yes
Abuse_849.wav,Yes
Abuse_850.wav,No
Abuse_851.wav,No
Abuse_852.wav,Yes
Abuse_854.wav,No
Abuse_856.wav,Yes
Abuse_858.wav,No
Abuse_859.wav,No
Abuse_861.wav,No
Abuse_862.wav,No
Abuse_865.wav,Yes
Abuse_867.wav,Yes
Abuse_868.wav,Yes
Abuse_869.wav,Yes
Abuse_873.wav,Yes
Abuse_874.wav,Yes
Abuse_875.wav,Yes
Abuse_876.wav,No
Abuse_877.wav,Yes
Abuse_879.wav,No
Abuse_883.wav,No
Abuse_884.wav,Yes
Abuse_885.wav,Yes
Abuse_886.wav,No
Abuse_887.wav,No
Abuse_888.wav,Yes
Abuse_889.wav,Yes
Abuse_895.wav,No
Abuse_896.wav,Yes
Abuse_898.wav,No
Abuse_899.wav,No
Abuse_900.wav,No
Abuse_901.wav,Yes
Abuse_902.wav,Yes
Abuse_903.wav,No
Abuse_906.wav,Yes
Abuse_909.wav,Yes
Abuse_910.wav,No
Abuse_911.wav,Yes
Abuse_912.wav,Yes
Abuse_914.wav,Yes
Abuse_915.wav,Yes
Abuse_916.wav,Yes
Abuse_917.wav,No
Abuse_918.wav,Yes
Abuse_919.wav,Yes
Abuse_925.wav,Yes
Abuse_926.wav,Yes
Abuse_927.wav,No
Abuse_930.wav,No
Abuse_931.wav,Yes
Abuse_935.wav,No
Abuse_936.wav,Yes
Abuse_937.wav,No
Abuse_938.wav,No
Abuse_939.wav,Yes
Abuse_941.wav,Yes
Abuse_942.wav,No
Abuse_945.wav,No
Abuse_948.wav,Yes
Abuse_949.wav,No
Abuse_951.wav,No
Abuse_952.wav,Yes
Abuse_954.wav,No
Abuse_955.wav,Yes
Abuse_956.wav,No
Abuse_957.wav,Yes
Abuse_958.wav,Yes
Abuse_959.wav,Yes
Abuse_960.wav,No
Abuse_961.wav,Yes
Abuse_963.wav,No
Abuse_964.wav,Yes
Abuse_965.wav,No
Abuse_966.wav,Yes
Abuse_968.wav,No
Abuse_969.wav,No
Abuse_970.wav,No
Abuse_971.wav,Yes
Abuse_974.wav,No
Abuse_975.wav,Yes
Abuse_976.wav,No
Abuse_977.wav,No
Abuse_978.wav,No
Abuse_980.wav,Yes
Abuse_981.wav,Yes
Abuse_982.wav,No
Abuse_984.wav,No
Abuse_985.wav,No
Abuse_986.wav,No
Abuse_987.wav,No
Abuse_988.wav,No
Abuse_989.wav,No
Abuse_990.wav,No
Abuse_991.wav,Yes
Abuse_992.wav,Yes
Abuse_993.wav,No
Abuse_994.wav,No
Abuse_996.wav,No
Abuse_998.wav,Yes
Abuse_999.wav,Yes
Abuse_1000.wav,No
Abuse_1001.wav,No
Abuse_1002.wav,Yes
Abuse_1003.wav,Yes
Abuse_1004.wav,No
Abuse_1005.wav,No
Abuse_1006.wav,Yes
Abuse_1007.wav,Yes
Abuse_1008.wav,No
Abuse_1009.wav,No
Abuse_1010.wav,Yes
Abuse_1011.wav,No
Abuse_1013.wav,Yes
Abuse_1014.wav,No
Abuse_1015.wav,Yes
Abuse_1016.wav,Yes
Abuse_1018.wav,No
Abuse_1019.wav,Yes
Abuse_1020.wav,Yes
Abuse_1022.wav,Yes
Abuse_1023.wav,Yes
Abuse_1025.wav,Yes
Abuse_1027.wav,No
Abuse_1028.wav,Yes
Abuse_1030.wav,No
Abuse_1031.wav,No
Abuse_1032.wav,No
Abuse_1033.wav,No
Abuse_1034.wav,No
Abuse_1035.wav,No
Abuse_1036.wav,No
Abuse_1037.wav,Yes
Abuse_1038.wav,Yes
Abuse_1039.wav,No
Abuse_1040.wav,No
Abuse_1041.wav,No
Abuse_1042.wav,Yes
Abuse_1043.wav,No
Abuse_1046.wav,No
Abuse_1049.wav,Yes
Abuse_1050.wav,Yes
Abuse_1051.wav,No
Abuse_1052.wav,No
Abuse_1053.wav,Yes
Abuse_1054.wav,No
Abuse_1055.wav,Yes
Abuse_1056.wav,Yes
Abuse_1057.wav,Yes
Abuse_1058.wav,No
Abuse_1059.wav,Yes
Abuse_1064.wav,No
Abuse_1066.wav,Yes
Abuse_1068.wav,No
Abuse_1069.wav,No
Abuse_1070.wav,Yes
Abuse_1072.wav,Yes
Abuse_1074.wav,No
Abuse_1075.wav,Yes
Abuse_1076.wav,No
Abuse_1079.wav,No
Abuse_1080.wav,Yes
Abuse_1081.wav,No
Abuse_1086.wav,No
Abuse_1088.wav,No
Abuse_1089.wav,Yes
Abuse_1090.wav,No
Abuse_1091.wav,Yes
Abuse_1093.wav,Yes
Abuse_1096.wav,Yes
Abuse_1098.wav,No
Abuse_1099.wav,Yes
Abuse_1100.wav,Yes
Abuse_1101.wav,Yes
Abuse_1102.wav,Yes
Abuse_1104.wav,No
Abuse_1105.wav,Yes
Abuse_1108.wav,No
Abuse_1109.wav,No
Abuse_1110.wav,Yes
Abuse_1111.wav,No
Abuse_1112.wav,Yes
Abuse_1113.wav,Yes
Abuse_1114.wav,No
Abuse_1115.wav,Yes
Abuse_1117.wav,No
Abuse_1118.wav,No
Abuse_1120.wav,Yes
Abuse_1121.wav,Yes
Abuse_1127.wav,No
Abuse_1129.wav,No
Abuse_1130.wav,No
Abuse_1131.wav,No
Abuse_1132.wav,Yes
Abuse_1133.wav,Yes
Abuse_1137.wav,No
Abuse_1139.wav,Yes
Abuse_1140.wav,No
Abuse_1143.wav,No
Abuse_1144.wav,No
Abuse_1145.wav,No
Abuse_1147.wav,No
Abuse_1148.wav,Yes
Abuse_1149.wav,Yes
Abuse_1151.wav,No
Abuse_1152.wav,Yes
Abuse_1153.wav,Yes
Abuse_1155.wav,No
Abuse_1156.wav,Yes
Abuse_1158.wav,Yes
Abuse_1159.wav,No
Abuse_1160.wav,No
Abuse_1161.wav,No
Abuse_1162.wav,No
Abuse_1163.wav,Yes
Abuse_1164.wav,Yes
Abuse_1165.wav,No
Abuse_1170.wav,Yes
Abuse_1171.wav,Yes
Abuse_1172.wav,Yes
Abuse_1173.wav,Yes
Abuse_1174.wav,No
Abuse_1175.wav,Yes
Abuse_1176.wav,Yes
Abuse_1177.wav,No
Abuse_1179.wav,Yes
Abuse_1182.wav,Yes
Abuse_1184.wav,Yes
Abuse_1185.wav,Yes
Abuse_1187.wav,No
Abuse_1190.wav,No
Abuse_1191.wav,No
Abuse_1192.wav,No
Abuse_1193.wav,No
Abuse_1194.wav,Yes
Abuse_1195.wav,No
Abuse_1196.wav,No
