filename,label
Abuse_1.wav,Yes
Abuse_2.wav,Yes
Abuse_4.wav,No
Abuse_5.wav,No
Abuse_6.wav,Yes
Abuse_8.wav,Yes
Abuse_9.wav,Yes
Abuse_10.wav,Yes
Abuse_12.wav,Yes
Abuse_13.wav,No
Abuse_15.wav,Yes
Abuse_17.wav,No
Abuse_20.wav,No
Abuse_21.wav,Yes
Abuse_22.wav,Yes
Abuse_23.wav,No
Abuse_24.wav,No
Abuse_25.wav,No
Abuse_26.wav,No
Abuse_27.wav,No
Abuse_28.wav,No
Abuse_29.wav,No
Abuse_31.wav,No
Abuse_33.wav,No
Abuse_34.wav,No
Abuse_35.wav,Yes
Abuse_36.wav,No
Abuse_38.wav,No
Abuse_39.wav,No
Abuse_40.wav,Yes
Abuse_42.wav,Yes
Abuse_44.wav,No
Abuse_46.wav,No
Abuse_48.wav,No
Abuse_49.wav,No
Abuse_50.wav,No
Abuse_51.wav,No
Abuse_53.wav,Yes
Abuse_54.wav,Yes
Abuse_57.wav,No
Abuse_59.wav,No
Abuse_60.wav,No
Abuse_62.wav,Yes
Abuse_63.wav,Yes
Abuse_64.wav,No
Abuse_65.wav,No
Abuse_66.wav,No
Abuse_67.wav,No
Abuse_68.wav,Yes
Abuse_70.wav,No
Abuse_71.wav,No
Abuse_72.wav,No
Abuse_73.wav,Yes
Abuse_74.wav,No
Abuse_75.wav,Yes
Abuse_79.wav,Yes
Abuse_80.wav,No
Abuse_81.wav,No
Abuse_82.wav,Yes
Abuse_83.wav,Yes
Abuse_84.wav,No
Abuse_85.wav,Yes
Abuse_86.wav,Yes
Abuse_88.wav,No
Abuse_89.wav,Yes
Abuse_90.wav,No
Abuse_91.wav,Yes
Abuse_92.wav,Yes
Abuse_94.wav,Yes
Abuse_95.wav,Yes
Abuse_97.wav,No
Abuse_98.wav,No
Abuse_99.wav,No
Abuse_100.wav,Yes
Abuse_102.wav,No
Abuse_103.wav,No
Abuse_106.wav,No
Abuse_107.wav,No
Abuse_108.wav,No
Abuse_109.wav,No
Abuse_110.wav,No
Abuse_111.wav,No
Abuse_112.wav,Yes
Abuse_113.wav,Yes
Abuse_114.wav,No
Abuse_115.wav,No
Abuse_116.wav,No
Abuse_117.wav,No
Abuse_119.wav,No
Abuse_120.wav,No
Abuse_122.wav,Yes
Abuse_124.wav,No
Abuse_125.wav,Yes
Abuse_126.wav,No
Abuse_127.wav,Yes
Abuse_128.wav,No
Abuse_129.wav,No
Abuse_130.wav,No
Abuse_131.wav,No
Abuse_132.wav,No
Abuse_133.wav,Yes
Abuse_136.wav,Yes
Abuse_137.wav,No
Abuse_138.wav,No
Abuse_140.wav,No
Abuse_142.wav,No
Abuse_144.wav,No
Abuse_146.wav,Yes
Abuse_147.wav,Yes
Abuse_148.wav,No
Abuse_149.wav,No
Abuse_150.wav,No
Abuse_151.wav,No
Abuse_152.wav,No
Abuse_154.wav,No
Abuse_156.wav,Yes
Abuse_157.wav,Yes
Abuse_158.wav,No
Abuse_159.wav,No
Abuse_160.wav,No
Abuse_161.wav,No
Abuse_162.wav,Yes
Abuse_163.wav,No
Abuse_165.wav,No
Abuse_166.wav,No
Abuse_167.wav,No
Abuse_169.wav,No
Abuse_172.wav,Yes
Abuse_174.wav,No
Abuse_175.wav,No
Abuse_177.wav,Yes
Abuse_178.wav,Yes
Abuse_179.wav,No
Abuse_180.wav,No
Abuse_182.wav,No
Abuse_183.wav,No
Abuse_186.wav,Yes
Abuse_187.wav,No
Abuse_188.wav,No
Abuse_189.wav,No
Abuse_190.wav,Yes
Abuse_192.wav,Yes
Abuse_193.wav,No
Abuse_194.wav,Yes
Abuse_195.wav,No
Abuse_196.wav,Yes
Abuse_198.wav,No
Abuse_199.wav,No
Abuse_202.wav,No
Abuse_204.wav,No
Abuse_205.wav,No
Abuse_208.wav,No
Abuse_209.wav,Yes
Abuse_210.wav,Yes
Abuse_214.wav,No
Abuse_216.wav,No
Abuse_217.wav,No
Abuse_218.wav,No
Abuse_219.wav,No
Abuse_220.wav,No
Abuse_221.wav,No
Abuse_223.wav,No
Abuse_224.wav,Yes
Abuse_226.wav,No
Abuse_227.wav,Yes
Abuse_229.wav,No
Abuse_231.wav,Yes
Abuse_234.wav,No
Abuse_235.wav,No
Abuse_236.wav,No
Abuse_237.wav,Yes
Abuse_238.wav,No
Abuse_239.wav,No
Abuse_241.wav,No
Abuse_242.wav,No
Abuse_244.wav,No
Abuse_247.wav,No
Abuse_248.wav,No
Abuse_250.wav,Yes
Abuse_251.wav,No
Abuse_252.wav,No
Abuse_254.wav,Yes
Abuse_256.wav,No
Abuse_257.wav,Yes
Abuse_258.wav,Yes
Abuse_261.wav,Yes
Abuse_262.wav,No
Abuse_263.wav,No
Abuse_265.wav,No
Abuse_266.wav,No
Abuse_267.wav,Yes
Abuse_272.wav,Yes
Abuse_274.wav,No
Abuse_275.wav,No
Abuse_276.wav,No
Abuse_278.wav,No
Abuse_279.wav,No
Abuse_280.wav,Yes
Abuse_281.wav,Yes
Abuse_282.wav,No
Abuse_285.wav,No
Abuse_286.wav,No
Abuse_288.wav,No
Abuse_289.wav,Yes
Abuse_290.wav,No
Abuse_291.wav,Yes
Abuse_293.wav,No
Abuse_294.wav,Yes
Abuse_297.wav,No
Abuse_298.wav,Yes
Abuse_299.wav,No
Abuse_300.wav,Yes
Abuse_301.wav,Yes
Abuse_302.wav,No
Abuse_305.wav,Yes
Abuse_307.wav,Yes
Abuse_308.wav,No
Abuse_309.wav,No
Abuse_310.wav,Yes
Abuse_311.wav,No
Abuse_312.wav,No
Abuse_313.wav,No
Abuse_315.wav,No
Abuse_318.wav,No
Abuse_319.wav,No
Abuse_320.wav,No
Abuse_321.wav,No
Abuse_323.wav,No
Abuse_324.wav,No
Abuse_325.wav,No
Abuse_326.wav,No
Abuse_327.wav,Yes
Abuse_328.wav,No
Abuse_330.wav,No
Abuse_331.wav,Yes
Abuse_332.wav,No
Abuse_333.wav,Yes
Abuse_334.wav,No
Abuse_336.wav,Yes
Abuse_338.wav,Yes
Abuse_339.wav,Yes
Abuse_340.wav,No
Abuse_342.wav,No
Abuse_343.wav,Yes
Abuse_344.wav,No
Abuse_346.wav,No
Abuse_347.wav,No
Abuse_348.wav,No
Abuse_349.wav,No
Abuse_350.wav,Yes
Abuse_352.wav,No
Abuse_354.wav,Yes
Abuse_356.wav,No
Abuse_357.wav,No
Abuse_358.wav,Yes
Abuse_361.wav,No
Abuse_362.wav,No
Abuse_363.wav,No
Abuse_366.wav,No
Abuse_367.wav,No
Abuse_369.wav,No
Abuse_370.wav,No
Abuse_372.wav,No
Abuse_373.wav,Yes
Abuse_374.wav,Yes
Abuse_375.wav,No
Abuse_376.wav,Yes
Abuse_377.wav,No
Abuse_380.wav,No
Abuse_381.wav,No
Abuse_382.wav,No
Abuse_383.wav,No
Abuse_384.wav,Yes
Abuse_387.wav,No
Abuse_388.wav,Yes
Abuse_389.wav,No
Abuse_390.wav,No
Abuse_391.wav,Yes
Abuse_392.wav,No
Abuse_393.wav,No
Abuse_394.wav,No
Abuse_395.wav,Yes
Abuse_396.wav,No
Abuse_398.wav,Yes
Abuse_400.wav,Yes
Abuse_401.wav,Yes
Abuse_402.wav,Yes
Abuse_404.wav,Yes
Abuse_407.wav,Yes
Abuse_408.wav,No
Abuse_409.wav,Yes
Abuse_410.wav,No
Abuse_413.wav,No
Abuse_414.wav,Yes
Abuse_416.wav,Yes
Abuse_418.wav,No
Abuse_420.wav,Yes
Abuse_421.wav,No
Abuse_422.wav,No
Abuse_423.wav,No
Abuse_424.wav,No
Abuse_425.wav,No
Abuse_428.wav,No
Abuse_429.wav,Yes
Abuse_430.wav,No
Abuse_431.wav,Yes
Abuse_432.wav,Yes
Abuse_436.wav,Yes
Abuse_439.wav,Yes
Abuse_440.wav,No
Abuse_442.wav,Yes
Abuse_443.wav,No
Abuse_444.wav,No
Abuse_446.wav,No
Abuse_447.wav,No
Abuse_448.wav,Yes
Abuse_449.wav,No
Abuse_450.wav,Yes
Abuse_451.wav,Yes
Abuse_454.wav,Yes
Abuse_455.wav,No
Abuse_456.wav,Yes
Abuse_457.wav,Yes
Abuse_458.wav,No
Abuse_461.wav,No
Abuse_462.wav,No
Abuse_463.wav,No
Abuse_464.wav,No
Abuse_467.wav,No
Abuse_468.wav,Yes
Abuse_470.wav,No
Abuse_475.wav,Yes
Abuse_480.wav,No
Abuse_481.wav,Yes
Abuse_482.wav,No
Abuse_483.wav,No
Abuse_484.wav,No
Abuse_485.wav,No
Abuse_487.wav,Yes
Abuse_488.wav,No
Abuse_489.wav,No
Abuse_490.wav,No
Abuse_492.wav,No
Abuse_493.wav,No
Abuse_494.wav,No
Abuse_496.wav,Yes
Abuse_497.wav,No
Abuse_499.wav,No
Abuse_500.wav,No
Abuse_501.wav,No
Abuse_502.wav,Yes
Abuse_503.wav,No
Abuse_504.wav,No
Abuse_505.wav,No
Abuse_506.wav,No
Abuse_508.wav,No
Abuse_509.wav,No
Abuse_510.wav,Yes
Abuse_511.wav,No
Abuse_514.wav,No
Abuse_517.wav,No
Abuse_518.wav,No
Abuse_520.wav,Yes
Abuse_521.wav,No
Abuse_522.wav,No
Abuse_525.wav,No
Abuse_527.wav,Yes
Abuse_528.wav,No
Abuse_529.wav,No
Abuse_530.wav,Yes
Abuse_531.wav,No
Abuse_532.wav,Yes
Abuse_533.wav,Yes
Abuse_534.wav,No
Abuse_535.wav,No
Abuse_536.wav,No
Abuse_537.wav,No
Abuse_538.wav,Yes
Abuse_539.wav,No
Abuse_540.wav,Yes
Abuse_542.wav,Yes
Abuse_543.wav,Yes
Abuse_544.wav,Yes
Abuse_545.wav,No
Abuse_546.wav,Yes
Abuse_547.wav,No
Abuse_549.wav,No
Abuse_550.wav,No
Abuse_551.wav,No
Abuse_554.wav,No
Abuse_555.wav,Yes
Abuse_557.wav,No
Abuse_559.wav,No
Abuse_561.wav,Yes
Abuse_562.wav,No
Abuse_564.wav,No
Abuse_565.wav,Yes
Abuse_566.wav,No
Abuse_568.wav,No
Abuse_569.wav,No
Abuse_570.wav,No
Abuse_571.wav,No
Abuse_572.wav,No
Abuse_574.wav,No
Abuse_575.wav,Yes
Abuse_576.wav,No
Abuse_577.wav,No
Abuse_579.wav,Yes
Abuse_581.wav,Yes
Abuse_582.wav,No
Abuse_584.wav,Yes
Abuse_585.wav,No
Abuse_586.wav,No
Abuse_587.wav,No
Abuse_588.wav,No
Abuse_590.wav,No
Abuse_592.wav,No
Abuse_593.wav,Yes
Abuse_594.wav,No
Abuse_595.wav,No
Abuse_596.wav,No
Abuse_597.wav,No
Abuse_598.wav,Yes
Abuse_600.wav,Yes
Abuse_601.wav,No
Abuse_605.wav,Yes
Abuse_607.wav,No
Abuse_609.wav,Yes
Abuse_611.wav,No
Abuse_612.wav,Yes
Abuse_613.wav,No
Abuse_614.wav,No
Abuse_615.wav,Yes
Abuse_616.wav,Yes
Abuse_618.wav,Yes
Abuse_620.wav,Yes
Abuse_623.wav,Yes
Abuse_624.wav,Yes
Abuse_625.wav,No
Abuse_627.wav,No
Abuse_628.wav,No
Abuse_629.wav,Yes
Abuse_630.wav,No
Abuse_631.wav,No
Abuse_632.wav,Yes
Abuse_633.wav,Yes
Abuse_634.wav,Yes
Abuse_635.wav,No
Abuse_640.wav,No
Abuse_642.wav,No
Abuse_643.wav,No
Abuse_644.wav,No
Abuse_645.wav,Yes
Abuse_648.wav,No
Abuse_649.wav,Yes
Abuse_651.wav,No
Abuse_652.wav,Yes
Abuse_654.wav,No
Abuse_655.wav,No
Abuse_656.wav,Yes
Abuse_657.wav,Yes
Abuse_658.wav,No
Abuse_659.wav,Yes
Abuse_660.wav,Yes
Abuse_661.wav,Yes
Abuse_662.wav,Yes
Abuse_663.wav,No
Abuse_664.wav,Yes
Abuse_665.wav,No
Abuse_669.wav,No
Abuse_670.wav,No
Abuse_671.wav,No
Abuse_675.wav,No
Abuse_679.wav,No
Abuse_680.wav,No
Abuse_681.wav,No
Abuse_682.wav,No
Abuse_684.wav,No
Abuse_689.wav,No
Abuse_691.wav,Yes
Abuse_694.wav,Yes
Abuse_696.wav,Yes
Abuse_697.wav,No
Abuse_698.wav,No
Abuse_699.wav,Yes
Abuse_700.wav,Yes
Abuse_701.wav,No
Abuse_702.wav,No
Abuse_704.wav,No
Abuse_706.wav,No
Abuse_707.wav,Yes
Abuse_710.wav,Yes
Abuse_712.wav,No
Abuse_715.wav,No
Abuse_716.wav,Yes
Abuse_717.wav,Yes
Abuse_718.wav,No
Abuse_720.wav,Yes
Abuse_721.wav,No
Abuse_722.wav,No
Abuse_723.wav,No
Abuse_724.wav,No
Abuse_725.wav,No
Abuse_727.wav,Yes
Abuse_728.wav,No
Abuse_729.wav,No
Abuse_730.wav,Yes
Abuse_732.wav,No
Abuse_733.wav,No
Abuse_734.wav,Yes
Abuse_735.wav,No
Abuse_737.wav,No
Abuse_738.wav,No
Abuse_739.wav,Yes
Abuse_741.wav,No
Abuse_742.wav,No
Abuse_743.wav,Yes
Abuse_745.wav,Yes
Abuse_746.wav,No
Abuse_747.wav,Yes
Abuse_748.wav,No
Abuse_750.wav,Yes
Abuse_752.wav,No
Abuse_754.wav,Yes
Abuse_755.wav,No
Abuse_757.wav,No
Abuse_758.wav,Yes
Abuse_759.wav,No
Abuse_760.wav,Yes
Abuse_763.wav,No
Abuse_764.wav,No
Abuse_767.wav,No
Abuse_769.wav,No
Abuse_770.wav,Yes
Abuse_773.wav,Yes
Abuse_774.wav,Yes
Abuse_775.wav,No
Abuse_777.wav,Yes
Abuse_778.wav,Yes
Abuse_781.wav,No
Abuse_782.wav,Yes
Abuse_784.wav,Yes
Abuse_785.wav,No
Abuse_786.wav,Yes
Abuse_789.wav,No
Abuse_790.wav,No
Abuse_791.wav,No
Abuse_792.wav,No
Abuse_793.wav,No
Abuse_795.wav,Yes
Abuse_796.wav,Yes
Abuse_798.wav,Yes
Abuse_799.wav,No
Abuse_803.wav,Yes
Abuse_805.wav,No
Abuse_806.wav,Yes
Abuse_809.wav,No
Abuse_810.wav,No
Abuse_811.wav,No
Abuse_812.wav,No
Abuse_813.wav,No
Abuse_814.wav,No
Abuse_815.wav,No
Abuse_816.wav,No
Abuse_819.wav,Yes
Abuse_823.wav,No
Abuse_825.wav,Yes
Abuse_827.wav,No
Abuse_828.wav,Yes
Abuse_829.wav,No
Abuse_831.wav,No
Abuse_832.wav,Yes
Abuse_833.wav,No
Abuse_835.wav,No
Abuse_838.wav,Yes
Abuse_839.wav,No
Abuse_840.wav,No
Abuse_841.wav,No
Abuse_842.wav,No
Abuse_843.wav,No
Abuse_844.wav,Yes
Abuse_845.wav,No
Abuse_847.wav,Yes
Abuse_849.wav,Yes
Abuse_851.wav,No
Abuse_852.wav,No
Abuse_854.wav,No
Abuse_855.wav,Yes
Abuse_858.wav,Yes
Abuse_860.wav,No
Abuse_861.wav,Yes
Abuse_862.wav,No
Abuse_866.wav,Yes
Abuse_867.wav,No
Abuse_868.wav,Yes
Abuse_869.wav,No
Abuse_870.wav,No
Abuse_872.wav,Yes
Abuse_875.wav,No
Abuse_876.wav,Yes
Abuse_877.wav,No
Abuse_878.wav,Yes
Abuse_879.wav,No
Abuse_880.wav,Yes
Abuse_881.wav,Yes
Abuse_887.wav,Yes
Abuse_888.wav,No
Abuse_890.wav,Yes
Abuse_891.wav,Yes
Abuse_892.wav,No
Abuse_893.wav,No
Abuse_894.wav,No
Abuse_895.wav,Yes
Abuse_898.wav,Yes
Abuse_901.wav,No
Abuse_902.wav,No
Abuse_903.wav,No
Abuse_904.wav,No
Abuse_906.wav,No
Abuse_907.wav,Yes
Abuse_908.wav,Yes
Abuse_909.wav,Yes
Abuse_910.wav,No
Abuse_911.wav,Yes
Abuse_917.wav,Yes
Abuse_918.wav,Yes
Abuse_919.wav,Yes
Abuse_922.wav,No
Abuse_923.wav,No
Abuse_927.wav,Yes
Abuse_928.wav,No
Abuse_929.wav,Yes
Abuse_931.wav,No
Abuse_933.wav,No
Abuse_934.wav,No
Abuse_937.wav,No
Abuse_940.wav,No
Abuse_941.wav,No
Abuse_943.wav,No
Abuse_944.wav,No
Abuse_946.wav,No
Abuse_947.wav,Yes
Abuse_948.wav,Yes
Abuse_949.wav,No
Abuse_950.wav,No
Abuse_951.wav,No
Abuse_952.wav,Yes
Abuse_953.wav,No
Abuse_955.wav,No
Abuse_956.wav,No
Abuse_957.wav,Yes
Abuse_958.wav,No
Abuse_960.wav,No
Abuse_961.wav,No
Abuse_962.wav,Yes
Abuse_963.wav,No
Abuse_965.wav,No
Abuse_966.wav,Yes
Abuse_967.wav,Yes
Abuse_968.wav,No
Abuse_969.wav,No
Abuse_971.wav,Yes
Abuse_972.wav,Yes
Abuse_973.wav,Yes
Abuse_975.wav,No
Abuse_976.wav,No
Abuse_977.wav,No
Abuse_978.wav,Yes
Abuse_979.wav,Yes
Abuse_980.wav,No
Abuse_981.wav,No
Abuse_982.wav,No
Abuse_983.wav,Yes
Abuse_984.wav,No
Abuse_985.wav,No
Abuse_987.wav,No
Abuse_989.wav,No
Abuse_990.wav,Yes
Abuse_991.wav,Yes
Abuse_992.wav,No
Abuse_993.wav,No
Abuse_994.wav,Yes
Abuse_995.wav,Yes
Abuse_996.wav,No
Abuse_997.wav,Yes
Abuse_998.wav,No
Abuse_999.wav,No
Abuse_1000.wav,No
Abuse_1001.wav,Yes
Abuse_1002.wav,No
Abuse_1004.wav,No
Abuse_1005.wav,No
Abuse_1006.wav,No
Abuse_1007.wav,Yes
Abuse_1009.wav,No
Abuse_1010.wav,No
Abuse_1011.wav,Yes
Abuse_1013.wav,No
Abuse_1014.wav,Yes
Abuse_1016.wav,No
Abuse_1018.wav,No
Abuse_1019.wav,No
Abuse_1021.wav,Yes
Abuse_1022.wav,No
Abuse_1023.wav,No
Abuse_1024.wav,No
Abuse_1025.wav,Yes
Abuse_1026.wav,No
Abuse_1027.wav,No
Abuse_1028.wav,No
Abuse_1029.wav,No
Abuse_1030.wav,No
Abuse_1031.wav,No
Abuse_1032.wav,Yes
Abuse_1033.wav,No
Abuse_1034.wav,Yes
Abuse_1037.wav,No
Abuse_1040.wav,No
Abuse_1041.wav,No
Abuse_1042.wav,Yes
Abuse_1043.wav,No
Abuse_1044.wav,No
Abuse_1045.wav,Yes
Abuse_1046.wav,No
Abuse_1047.wav,Yes
Abuse_1048.wav,Yes
Abuse_1049.wav,No
Abuse_1050.wav,No
Abuse_1054.wav,No
Abuse_1056.wav,No
Abuse_1058.wav,Yes
Abuse_1059.wav,No
Abuse_1060.wav,No
Abuse_1062.wav,No
Abuse_1064.wav,No
Abuse_1065.wav,No
Abuse_1066.wav,Yes
Abuse_1069.wav,No
Abuse_1070.wav,Yes
Abuse_1071.wav,Yes
Abuse_1076.wav,No
Abuse_1078.wav,Yes
Abuse_1079.wav,No
Abuse_1080.wav,No
Abuse_1081.wav,Yes
Abuse_1083.wav,No
Abuse_1086.wav,No
Abuse_1088.wav,Yes
Abuse_1089.wav,No
Abuse_1090.wav,No
Abuse_1091.wav,Yes
Abuse_1092.wav,No
Abuse_1094.wav,Yes
Abuse_1095.wav,No
Abuse_1098.wav,No
Abuse_1099.wav,No
Abuse_1100.wav,No
Abuse_1101.wav,No
Abuse_1102.wav,Yes
Abuse_1103.wav,No
Abuse_1104.wav,No
Abuse_1105.wav,No
Abuse_1107.wav,No
Abuse_1108.wav,No
Abuse_1110.wav,No
Abuse_1111.wav,Yes
Abuse_1117.wav,No
Abuse_1119.wav,No
Abuse_1120.wav,No
Abuse_1121.wav,Yes
Abuse_1122.wav,Yes
Abuse_1123.wav,No
Abuse_1126.wav,Yes
Abuse_1128.wav,No
Abuse_1129.wav,Yes
Abuse_1132.wav,No
Abuse_1133.wav,Yes
Abuse_1134.wav,No
Abuse_1136.wav,No
Abuse_1138.wav,No
Abuse_1140.wav,No
Abuse_1141.wav,No
Abuse_1142.wav,No
Abuse_1144.wav,Yes
Abuse_1145.wav,Yes
Abuse_1147.wav,Yes
Abuse_1148.wav,No
Abuse_1149.wav,No
Abuse_1150.wav,Yes
Abuse_1151.wav,No
Abuse_1152.wav,No
Abuse_1153.wav,No
Abuse_1154.wav,No
Abuse_1158.wav,No
Abuse_1159.wav,No
Abuse_1160.wav,No
Abuse_1161.wav,Yes
Abuse_1162.wav,No
Abuse_1163.wav,No
Abuse_1164.wav,Yes
Abuse_1165.wav,No
Abuse_1167.wav,No
Abuse_1170.wav,No
Abuse_1172.wav,Yes
Abuse_1173.wav,Yes
Abuse_1175.wav,Yes
Abuse_1178.wav,No
Abuse_1179.wav,No
Abuse_1180.wav,No
Abuse_1181.wav,No
Abuse_1182.wav,No
Abuse_1183.wav,No
Abuse_1184.wav,No
Abuse_1188.wav,Yes
Abuse_1191.wav,No
Abuse_1192.wav,Yes
Abuse_1193.wav,Yes
Abuse_1194.wav,No
Abuse_1197.wav,No
