filename,label
Abuse_1.wav,Yes
Abuse_2.wav,No
Abuse_4.wav,Yes
Abuse_5.wav,Yes
Abuse_6.wav,Yes
Abuse_8.wav,No
Abuse_9.wav,Yes
Abuse_10.wav,No
Abuse_12.wav,No
Abuse_13.wav,Yes
Abuse_15.wav,No
Abuse_17.wav,No
Abuse_20.wav,No
Abuse_21.wav,No
Abuse_22.wav,No
Abuse_23.wav,No
Abuse_24.wav,No
Abuse_25.wav,No
Abuse_26.wav,Yes
Abuse_27.wav,Yes
Abuse_28.wav,No
Abuse_29.wav,Yes
Abuse_31.wav,No
Abuse_33.wav,No
Abuse_34.wav,No
Abuse_35.wav,Yes
Abuse_36.wav,Yes
Abuse_38.wav,No
Abuse_39.wav,Yes
Abuse_40.wav,No
Abuse_42.wav,Yes
Abuse_44.wav,Yes
Abuse_46.wav,No
Abuse_48.wav,Yes
Abuse_49.wav,No
Abuse_50.wav,Yes
Abuse_51.wav,No
Abuse_53.wav,No
Abuse_54.wav,No
Abuse_57.wav,No
Abuse_59.wav,No
Abuse_60.wav,Yes
Abuse_62.wav,No
Abuse_63.wav,No
Abuse_64.wav,No
Abuse_65.wav,Yes
Abuse_66.wav,No
Abuse_67.wav,No
Abuse_68.wav,Yes
Abuse_70.wav,Yes
Abuse_71.wav,No
Abuse_72.wav,Yes
Abuse_73.wav,No
Abuse_74.wav,Yes
Abuse_75.wav,Yes
Abuse_79.wav,No
Abuse_80.wav,No
Abuse_81.wav,No
Abuse_82.wav,No
Abuse_83.wav,Yes
Abuse_84.wav,Yes
Abuse_85.wav,No
Abuse_86.wav,Yes
Abuse_87.wav,No
Abuse_88.wav,Yes
Abuse_89.wav,Yes
Abuse_90.wav,Yes
Abuse_91.wav,Yes
Abuse_92.wav,No
Abuse_94.wav,No
Abuse_95.wav,No
Abuse_97.wav,Yes
Abuse_98.wav,Yes
Abuse_99.wav,No
Abuse_100.wav,Yes
Abuse_102.wav,No
Abuse_103.wav,No
Abuse_106.wav,Yes
Abuse_107.wav,No
Abuse_108.wav,No
Abuse_109.wav,Yes
Abuse_110.wav,No
Abuse_111.wav,No
Abuse_112.wav,No
Abuse_113.wav,Yes
Abuse_114.wav,No
Abuse_115.wav,No
Abuse_116.wav,No
Abuse_117.wav,Yes
Abuse_119.wav,Yes
Abuse_120.wav,Yes
Abuse_122.wav,No
Abuse_124.wav,No
Abuse_125.wav,Yes
Abuse_126.wav,No
Abuse_127.wav,No
Abuse_128.wav,Yes
Abuse_129.wav,No
Abuse_130.wav,Yes
Abuse_131.wav,No
Abuse_132.wav,No
Abuse_133.wav,Yes
Abuse_136.wav,No
Abuse_137.wav,No
Abuse_138.wav,No
Abuse_140.wav,Yes
Abuse_142.wav,Yes
Abuse_144.wav,Yes
Abuse_146.wav,No
Abuse_147.wav,Yes
Abuse_148.wav,No
Abuse_149.wav,No
Abuse_150.wav,No
Abuse_151.wav,Yes
Abuse_152.wav,No
Abuse_154.wav,Yes
Abuse_156.wav,No
Abuse_157.wav,No
Abuse_158.wav,Yes
Abuse_159.wav,Yes
Abuse_160.wav,Yes
Abuse_161.wav,No
Abuse_162.wav,Yes
Abuse_163.wav,Yes
Abuse_165.wav,Yes
Abuse_166.wav,No
Abuse_167.wav,Yes
Abuse_169.wav,Yes
Abuse_172.wav,No
Abuse_174.wav,Yes
Abuse_175.wav,Yes
Abuse_177.wav,Yes
Abuse_178.wav,Yes
Abuse_179.wav,Yes
Abuse_180.wav,Yes
Abuse_182.wav,No
Abuse_183.wav,No
Abuse_186.wav,No
Abuse_187.wav,No
Abuse_188.wav,Yes
Abuse_189.wav,No
Abuse_190.wav,Yes
Abuse_192.wav,No
Abuse_193.wav,No
Abuse_194.wav,No
Abuse_195.wav,No
Abuse_196.wav,Yes
Abuse_198.wav,Yes
Abuse_202.wav,No
Abuse_204.wav,Yes
Abuse_205.wav,No
Abuse_208.wav,No
Abuse_209.wav,No
Abuse_210.wav,Yes
Abuse_213.wav,No
Abuse_215.wav,No
Abuse_216.wav,No
Abuse_217.wav,No
Abuse_218.wav,Yes
Abuse_219.wav,Yes
Abuse_220.wav,No
Abuse_222.wav,No
Abuse_223.wav,No
Abuse_225.wav,No
Abuse_226.wav,Yes
Abuse_228.wav,Yes
Abuse_230.wav,No
Abuse_233.wav,Yes
Abuse_234.wav,No
Abuse_235.wav,No
Abuse_236.wav,Yes
Abuse_237.wav,Yes
Abuse_238.wav,No
Abuse_240.wav,No
Abuse_241.wav,No
Abuse_243.wav,Yes
Abuse_244.wav,No
Abuse_246.wav,No
Abuse_247.wav,Yes
Abuse_249.wav,No
Abuse_250.wav,No
Abuse_251.wav,No
Abuse_253.wav,No
Abuse_256.wav,Yes
Abuse_257.wav,No
Abuse_258.wav,Yes
Abuse_261.wav,Yes
Abuse_262.wav,Yes
Abuse_263.wav,Yes
Abuse_265.wav,No
Abuse_266.wav,Yes
Abuse_267.wav,No
Abuse_272.wav,Yes
Abuse_274.wav,No
Abuse_275.wav,No
Abuse_276.wav,Yes
Abuse_278.wav,No
Abuse_279.wav,Yes
Abuse_280.wav,Yes
Abuse_281.wav,No
Abuse_282.wav,Yes
Abuse_285.wav,Yes
Abuse_286.wav,Yes
Abuse_288.wav,Yes
Abuse_289.wav,Yes
Abuse_290.wav,No
Abuse_291.wav,Yes
Abuse_293.wav,Yes
Abuse_294.wav,Yes
Abuse_297.wav,No
Abuse_298.wav,Yes
Abuse_299.wav,No
Abuse_300.wav,Yes
Abuse_301.wav,Yes
Abuse_302.wav,No
Abuse_304.wav,Yes
Abuse_306.wav,No
Abuse_307.wav,Yes
Abuse_308.wav,No
Abuse_309.wav,Yes
Abuse_310.wav,Yes
Abuse_311.wav,No
Abuse_312.wav,Yes
Abuse_314.wav,No
Abuse_317.wav,Yes
Abuse_318.wav,No
Abuse_319.wav,No
Abuse_320.wav,No
Abuse_322.wav,No
Abuse_323.wav,No
Abuse_324.wav,No
Abuse_325.wav,No
Abuse_326.wav,No
Abuse_327.wav,No
Abuse_329.wav,Yes
Abuse_330.wav,Yes
Abuse_331.wav,Yes
Abuse_332.wav,No
Abuse_333.wav,No
Abuse_335.wav,Yes
Abuse_337.wav,No
Abuse_338.wav,Yes
Abuse_339.wav,No
Abuse_341.wav,Yes
Abuse_342.wav,No
Abuse_343.wav,No
Abuse_345.wav,Yes
Abuse_346.wav,No
Abuse_347.wav,No
Abuse_348.wav,Yes
Abuse_349.wav,Yes
Abuse_351.wav,Yes
Abuse_353.wav,Yes
Abuse_355.wav,Yes
Abuse_356.wav,No
Abuse_357.wav,No
Abuse_360.wav,No
Abuse_361.wav,Yes
Abuse_362.wav,Yes
Abuse_365.wav,Yes
Abuse_366.wav,No
Abuse_368.wav,Yes
Abuse_371.wav,No
Abuse_372.wav,Yes
Abuse_373.wav,No
Abuse_374.wav,Yes
Abuse_375.wav,Yes
Abuse_376.wav,Yes
Abuse_380.wav,No
Abuse_381.wav,Yes
Abuse_382.wav,No
Abuse_383.wav,No
Abuse_384.wav,Yes
Abuse_387.wav,Yes
Abuse_388.wav,No
Abuse_389.wav,No
Abuse_390.wav,Yes
Abuse_391.wav,No
Abuse_392.wav,No
Abuse_393.wav,Yes
Abuse_394.wav,No
Abuse_395.wav,Yes
Abuse_396.wav,No
Abuse_398.wav,No
Abuse_400.wav,No
Abuse_401.wav,Yes
Abuse_402.wav,Yes
Abuse_404.wav,No
Abuse_407.wav,No
Abuse_408.wav,No
Abuse_409.wav,No
Abuse_410.wav,No
Abuse_413.wav,Yes
Abuse_414.wav,No
Abuse_416.wav,Yes
Abuse_418.wav,Yes
Abuse_420.wav,No
Abuse_421.wav,Yes
Abuse_422.wav,No
Abuse_423.wav,No
Abuse_424.wav,No
Abuse_425.wav,Yes
Abuse_428.wav,Yes
Abuse_429.wav,Yes
Abuse_430.wav,Yes
Abuse_431.wav,No
Abuse_432.wav,No
Abuse_436.wav,No
Abuse_439.wav,No
Abuse_440.wav,Yes
Abuse_442.wav,No
Abuse_443.wav,No
Abuse_444.wav,No
Abuse_446.wav,Yes
Abuse_447.wav,No
Abuse_448.wav,No
Abuse_449.wav,No
Abuse_450.wav,No
Abuse_451.wav,No
Abuse_454.wav,No
Abuse_455.wav,No
Abuse_456.wav,No
Abuse_457.wav,No
Abuse_458.wav,No
Abuse_461.wav,No
Abuse_462.wav,No
Abuse_463.wav,No
Abuse_464.wav,No
Abuse_467.wav,Yes
Abuse_468.wav,Yes
Abuse_470.wav,No
Abuse_475.wav,Yes
Abuse_480.wav,Yes
Abuse_481.wav,No
Abuse_482.wav,Yes
Abuse_483.wav,Yes
Abuse_484.wav,Yes
Abuse_485.wav,No
Abuse_487.wav,Yes
Abuse_488.wav,Yes
Abuse_489.wav,No
Abuse_490.wav,Yes
Abuse_492.wav,No
Abuse_493.wav,Yes
Abuse_494.wav,Yes
Abuse_496.wav,Yes
Abuse_497.wav,No
Abuse_499.wav,No
Abuse_500.wav,No
Abuse_501.wav,Yes
Abuse_502.wav,No
Abuse_503.wav,No
Abuse_504.wav,No
Abuse_505.wav,No
Abuse_506.wav,No
Abuse_508.wav,No
Abuse_509.wav,No
Abuse_510.wav,No
Abuse_511.wav,Yes
Abuse_514.wav,Yes
Abuse_517.wav,Yes
Abuse_518.wav,No
Abuse_520.wav,No
Abuse_521.wav,No
Abuse_522.wav,No
Abuse_525.wav,No
Abuse_527.wav,No
Abuse_528.wav,Yes
Abuse_529.wav,Yes
Abuse_530.wav,No
Abuse_531.wav,No
Abuse_532.wav,No
Abuse_533.wav,Yes
Abuse_534.wav,No
Abuse_535.wav,No
Abuse_536.wav,No
Abuse_537.wav,No
Abuse_538.wav,No
Abuse_539.wav,No
Abuse_540.wav,Yes
Abuse_542.wav,Yes
Abuse_543.wav,Yes
Abuse_544.wav,No
Abuse_545.wav,No
Abuse_546.wav,Yes
Abuse_547.wav,Yes
Abuse_549.wav,No
Abuse_550.wav,No
Abuse_551.wav,Yes
Abuse_554.wav,No
Abuse_555.wav,No
Abuse_557.wav,Yes
Abuse_559.wav,Yes
Abuse_561.wav,No
Abuse_562.wav,No
Abuse_564.wav,No
Abuse_565.wav,No
Abuse_566.wav,No
Abuse_568.wav,No
Abuse_569.wav,No
Abuse_570.wav,No
Abuse_571.wav,Yes
Abuse_572.wav,No
Abuse_574.wav,No
Abuse_575.wav,No
Abuse_576.wav,No
Abuse_577.wav,Yes
Abuse_579.wav,Yes
Abuse_581.wav,Yes
Abuse_582.wav,Yes
Abuse_584.wav,No
Abuse_585.wav,No
Abuse_586.wav,Yes
Abuse_587.wav,Yes
Abuse_588.wav,No
Abuse_590.wav,No
Abuse_592.wav,Yes
Abuse_593.wav,No
Abuse_594.wav,No
Abuse_595.wav,No
Abuse_596.wav,No
Abuse_597.wav,Yes
Abuse_598.wav,No
Abuse_600.wav,Yes
Abuse_601.wav,Yes
Abuse_602.wav,No
Abuse_605.wav,Yes
Abuse_607.wav,No
Abuse_609.wav,Yes
Abuse_611.wav,No
Abuse_612.wav,No
Abuse_613.wav,No
Abuse_614.wav,Yes
Abuse_615.wav,Yes
Abuse_616.wav,Yes
Abuse_618.wav,Yes
Abuse_620.wav,No
Abuse_623.wav,No
Abuse_624.wav,Yes
Abuse_625.wav,No
Abuse_627.wav,Yes
Abuse_628.wav,Yes
Abuse_629.wav,No
Abuse_630.wav,No
Abuse_631.wav,No
Abuse_632.wav,Yes
Abuse_633.wav,Yes
Abuse_634.wav,No
Abuse_635.wav,No
Abuse_640.wav,No
Abuse_642.wav,No
Abuse_643.wav,No
Abuse_644.wav,Yes
Abuse_645.wav,Yes
Abuse_648.wav,Yes
Abuse_649.wav,No
Abuse_651.wav,Yes
Abuse_652.wav,Yes
Abuse_654.wav,Yes
Abuse_655.wav,No
Abuse_656.wav,No
Abuse_657.wav,Yes
Abuse_658.wav,No
Abuse_659.wav,Yes
Abuse_660.wav,No
Abuse_661.wav,No
Abuse_662.wav,No
Abuse_663.wav,Yes
Abuse_664.wav,Yes
Abuse_665.wav,Yes
Abuse_669.wav,No
Abuse_670.wav,No
Abuse_671.wav,Yes
Abuse_675.wav,No
Abuse_679.wav,No
Abuse_681.wav,No
Abuse_682.wav,Yes
Abuse_683.wav,No
Abuse_685.wav,No
Abuse_690.wav,No
Abuse_692.wav,No
Abuse_695.wav,No
Abuse_697.wav,No
Abuse_698.wav,Yes
Abuse_699.wav,Yes
Abuse_700.wav,Yes
Abuse_701.wav,No
Abuse_702.wav,No
Abuse_703.wav,No
Abuse_704.wav,Yes
Abuse_705.wav,No
Abuse_707.wav,No
Abuse_708.wav,Yes
Abuse_709.wav,Yes
Abuse_711.wav,No
Abuse_713.wav,No
Abuse_716.wav,No
Abuse_717.wav,No
Abuse_718.wav,No
Abuse_719.wav,No
Abuse_721.wav,No
Abuse_722.wav,No
Abuse_723.wav,No
Abuse_724.wav,Yes
Abuse_725.wav,Yes
Abuse_726.wav,No
Abuse_728.wav,Yes
Abuse_729.wav,No
Abuse_730.wav,Yes
Abuse_731.wav,No
Abuse_733.wav,Yes
Abuse_734.wav,No
Abuse_735.wav,No
Abuse_736.wav,No
Abuse_738.wav,No
Abuse_739.wav,No
Abuse_740.wav,No
Abuse_742.wav,Yes
Abuse_743.wav,No
Abuse_744.wav,No
Abuse_746.wav,No
Abuse_747.wav,No
Abuse_748.wav,No
Abuse_749.wav,Yes
Abuse_751.wav,Yes
Abuse_753.wav,No
Abuse_755.wav,Yes
Abuse_756.wav,No
Abuse_758.wav,No
Abuse_759.wav,Yes
Abuse_760.wav,Yes
Abuse_761.wav,No
Abuse_764.wav,Yes
Abuse_765.wav,No
Abuse_768.wav,No
Abuse_770.wav,No
Abuse_771.wav,No
Abuse_774.wav,No
Abuse_775.wav,Yes
Abuse_776.wav,Yes
Abuse_778.wav,No
Abuse_779.wav,Yes
Abuse_782.wav,No
Abuse_783.wav,No
Abuse_785.wav,Yes
Abuse_786.wav,No
Abuse_787.wav,Yes
Abuse_790.wav,No
Abuse_791.wav,No
Abuse_792.wav,No
Abuse_793.wav,No
Abuse_794.wav,Yes
Abuse_796.wav,No
Abuse_797.wav,Yes
Abuse_799.wav,No
Abuse_800.wav,No
Abuse_804.wav,No
Abuse_806.wav,No
Abuse_807.wav,Yes
Abuse_810.wav,No
Abuse_811.wav,Yes
Abuse_812.wav,Yes
Abuse_813.wav,Yes
Abuse_814.wav,No
Abuse_815.wav,No
Abuse_816.wav,No
Abuse_817.wav,No
Abuse_820.wav,Yes
Abuse_824.wav,Yes
Abuse_826.wav,Yes
Abuse_828.wav,Yes
Abuse_829.wav,Yes
Abuse_830.wav,No
Abuse_832.wav,No
Abuse_833.wav,Yes
Abuse_834.wav,No
Abuse_836.wav,No
Abuse_840.wav,No
Abuse_841.wav,No
Abuse_842.wav,Yes
Abuse_843.wav,Yes
Abuse_844.wav,No
Abuse_845.wav,Yes
Abuse_846.wav,No
Abuse_848.wav,No
Abuse_850.wav,No
Abuse_852.wav,Yes
Abuse_853.wav,No
Abuse_855.wav,Yes
Abuse_856.wav,No
Abuse_859.wav,Yes
Abuse_861.wav,No
Abuse_862.wav,Yes
Abuse_863.wav,No
Abuse_867.wav,No
Abuse_868.wav,No
Abuse_869.wav,Yes
Abuse_870.wav,Yes
Abuse_871.wav,No
Abuse_874.wav,No
Abuse_877.wav,No
Abuse_878.wav,No
Abuse_879.wav,No
Abuse_881.wav,No
Abuse_882.wav,Yes
Abuse_883.wav,No
Abuse_889.wav,No
Abuse_890.wav,Yes
Abuse_892.wav,No
Abuse_893.wav,No
Abuse_894.wav,Yes
Abuse_895.wav,Yes
Abuse_896.wav,No
Abuse_897.wav,Yes
Abuse_900.wav,Yes
Abuse_903.wav,No
Abuse_904.wav,No
Abuse_905.wav,No
Abuse_906.wav,Yes
Abuse_908.wav,Yes
Abuse_909.wav,Yes
Abuse_910.wav,No
Abuse_911.wav,No
Abuse_912.wav,No
Abuse_913.wav,No
Abuse_919.wav,No
Abuse_920.wav,Yes
Abuse_921.wav,No
Abuse_924.wav,Yes
Abuse_925.wav,No
Abuse_929.wav,Yes
Abuse_930.wav,Yes
Abuse_931.wav,Yes
Abuse_932.wav,Yes
Abuse_933.wav,No
Abuse_935.wav,No
Abuse_936.wav,Yes
Abuse_939.wav,Yes
Abuse_942.wav,No
Abuse_943.wav,No
Abuse_945.wav,Yes
Abuse_946.wav,Yes
Abuse_948.wav,No
Abuse_951.wav,No
Abuse_952.wav,Yes
Abuse_953.wav,No
Abuse_954.wav,No
Abuse_955.wav,No
Abuse_956.wav,No
Abuse_958.wav,No
Abuse_959.wav,No
Abuse_960.wav,No
Abuse_961.wav,Yes
Abuse_963.wav,No
Abuse_964.wav,No
Abuse_966.wav,No
Abuse_968.wav,Yes
Abuse_969.wav,No
Abuse_970.wav,No
Abuse_971.wav,Yes
Abuse_972.wav,No
Abuse_974.wav,Yes
Abuse_975.wav,Yes
Abuse_976.wav,Yes
Abuse_978.wav,No
Abuse_979.wav,No
Abuse_980.wav,No
Abuse_981.wav,No
Abuse_982.wav,No
Abuse_983.wav,Yes
Abuse_984.wav,Yes
Abuse_985.wav,No
Abuse_986.wav,Yes
Abuse_987.wav,No
Abuse_988.wav,No
Abuse_990.wav,No
Abuse_992.wav,Yes
Abuse_993.wav,No
Abuse_994.wav,No
Abuse_995.wav,Yes
Abuse_996.wav,No
Abuse_997.wav,Yes
Abuse_999.wav,No
Abuse_1000.wav,No
Abuse_1001.wav,No
Abuse_1003.wav,Yes
Abuse_1004.wav,Yes
Abuse_1005.wav,Yes
Abuse_1006.wav,No
Abuse_1007.wav,Yes
Abuse_1009.wav,No
Abuse_1010.wav,Yes
Abuse_1011.wav,No
Abuse_1012.wav,No
Abuse_1014.wav,Yes
Abuse_1015.wav,Yes
Abuse_1016.wav,Yes
Abuse_1018.wav,Yes
Abuse_1019.wav,No
Abuse_1021.wav,Yes
Abuse_1023.wav,No
Abuse_1024.wav,No
Abuse_1026.wav,No
Abuse_1027.wav,No
Abuse_1028.wav,Yes
Abuse_1029.wav,No
Abuse_1031.wav,No
Abuse_1032.wav,No
Abuse_1033.wav,No
Abuse_1034.wav,No
Abuse_1035.wav,No
Abuse_1036.wav,Yes
Abuse_1037.wav,No
Abuse_1038.wav,No
Abuse_1039.wav,Yes
Abuse_1042.wav,Yes
Abuse_1045.wav,No
Abuse_1046.wav,No
Abuse_1047.wav,Yes
Abuse_1048.wav,Yes
Abuse_1049.wav,No
Abuse_1050.wav,No
Abuse_1051.wav,No
Abuse_1052.wav,No
Abuse_1053.wav,No
Abuse_1054.wav,Yes
Abuse_1055.wav,No
Abuse_1060.wav,No
Abuse_1062.wav,No
Abuse_1064.wav,No
Abuse_1065.wav,Yes
Abuse_1066.wav,Yes
Abuse_1068.wav,Yes
Abuse_1070.wav,Yes
Abuse_1071.wav,Yes
Abuse_1072.wav,No
Abuse_1075.wav,No
Abuse_1077.wav,No
Abuse_1078.wav,No
Abuse_1083.wav,No
Abuse_1085.wav,No
Abuse_1086.wav,No
Abuse_1087.wav,No
Abuse_1088.wav,No
Abuse_1090.wav,Yes
Abuse_1093.wav,Yes
Abuse_1095.wav,No
Abuse_1096.wav,No
Abuse_1097.wav,No
Abuse_1098.wav,Yes
Abuse_1099.wav,No
Abuse_1101.wav,No
Abuse_1102.wav,Yes
Abuse_1105.wav,No
Abuse_1106.wav,No
Abuse_1107.wav,No
Abuse_1108.wav,No
Abuse_1109.wav,No
Abuse_1110.wav,No
Abuse_1111.wav,Yes
Abuse_1112.wav,No
Abuse_1114.wav,No
Abuse_1115.wav,Yes
Abuse_1117.wav,Yes
Abuse_1118.wav,No
Abuse_1124.wav,Yes
Abuse_1126.wav,No
Abuse_1127.wav,No
Abuse_1128.wav,No
Abuse_1129.wav,No
Abuse_1130.wav,Yes
Abuse_1133.wav,Yes
Abuse_1135.wav,Yes
Abuse_1136.wav,No
Abuse_1139.wav,Yes
Abuse_1140.wav,No
Abuse_1141.wav,No
Abuse_1143.wav,No
Abuse_1144.wav,No
Abuse_1145.wav,No
Abuse_1147.wav,No
Abuse_1148.wav,Yes
Abuse_1149.wav,No
Abuse_1151.wav,No
Abuse_1152.wav,No
Abuse_1154.wav,No
Abuse_1155.wav,Yes
Abuse_1156.wav,No
Abuse_1157.wav,No
Abuse_1158.wav,No
Abuse_1159.wav,No
Abuse_1160.wav,Yes
Abuse_1161.wav,No
Abuse_1166.wav,Yes
Abuse_1167.wav,No
Abuse_1168.wav,No
Abuse_1169.wav,No
Abuse_1170.wav,Yes
Abuse_1171.wav,No
Abuse_1172.wav,No
Abuse_1173.wav,No
Abuse_1175.wav,No
Abuse_1178.wav,No
Abuse_1181.wav,Yes
Abuse_1183.wav,No
Abuse_1186.wav,Yes
Abuse_1187.wav,No
Abuse_1188.wav,No
Abuse_1189.wav,No
Abuse_1190.wav,No
Abuse_1191.wav,No
Abuse_1192.wav,No
Abuse_1196.wav,No
Abuse_1199.wav,No
