filename,label
Abuse_1.wav,No
Abuse_2.wav,No
Abuse_4.wav,No
Abuse_5.wav,Yes
Abuse_6.wav,No
Abuse_8.wav,Yes
Abuse_9.wav,No
Abuse_10.wav,Yes
Abuse_12.wav,Yes
Abuse_13.wav,Yes
Abuse_15.wav,No
Abuse_17.wav,Yes
Abuse_20.wav,Yes
Abuse_21.wav,Yes
Abuse_22.wav,Yes
Abuse_23.wav,No
Abuse_24.wav,Yes
Abuse_25.wav,Yes
Abuse_26.wav,No
Abuse_27.wav,Yes
Abuse_28.wav,No
Abuse_29.wav,Yes
Abuse_31.wav,No
Abuse_33.wav,No
Abuse_34.wav,Yes
Abuse_35.wav,No
Abuse_36.wav,Yes
Abuse_38.wav,Yes
Abuse_39.wav,Yes
Abuse_40.wav,Yes
Abuse_42.wav,Yes
Abuse_44.wav,No
Abuse_46.wav,No
Abuse_48.wav,Yes
Abuse_49.wav,Yes
Abuse_50.wav,No
Abuse_51.wav,Yes
Abuse_53.wav,No
Abuse_54.wav,No
Abuse_57.wav,No
Abuse_59.wav,Yes
Abuse_60.wav,Yes
Abuse_62.wav,Yes
Abuse_63.wav,No
Abuse_64.wav,Yes
Abuse_65.wav,No
Abuse_66.wav,Yes
Abuse_67.wav,No
Abuse_68.wav,Yes
Abuse_70.wav,Yes
Abuse_71.wav,No
Abuse_72.wav,Yes
Abuse_73.wav,Yes
Abuse_74.wav,Yes
Abuse_75.wav,Yes
Abuse_79.wav,Yes
Abuse_80.wav,No
Abuse_81.wav,No
Abuse_82.wav,No
Abuse_83.wav,Yes
Abuse_84.wav,Yes
Abuse_85.wav,No
Abuse_86.wav,Yes
Abuse_87.wav,No
Abuse_88.wav,Yes
Abuse_89.wav,No
Abuse_90.wav,No
Abuse_91.wav,No
Abuse_92.wav,Yes
Abuse_94.wav,Yes
Abuse_95.wav,Yes
Abuse_97.wav,No
Abuse_98.wav,No
Abuse_99.wav,Yes
Abuse_100.wav,Yes
Abuse_102.wav,No
Abuse_103.wav,No
Abuse_106.wav,Yes
Abuse_107.wav,No
Abuse_108.wav,No
Abuse_109.wav,No
Abuse_110.wav,No
Abuse_111.wav,Yes
Abuse_112.wav,No
Abuse_113.wav,No
Abuse_114.wav,Yes
Abuse_115.wav,Yes
Abuse_116.wav,Yes
Abuse_117.wav,Yes
Abuse_119.wav,Yes
Abuse_120.wav,No
Abuse_122.wav,Yes
Abuse_124.wav,Yes
Abuse_125.wav,No
Abuse_126.wav,No
Abuse_127.wav,No
Abuse_128.wav,Yes
Abuse_129.wav,No
Abuse_130.wav,Yes
Abuse_131.wav,No
Abuse_132.wav,No
Abuse_133.wav,Yes
Abuse_136.wav,Yes
Abuse_137.wav,No
Abuse_138.wav,Yes
Abuse_140.wav,Yes
Abuse_142.wav,Yes
Abuse_144.wav,Yes
Abuse_146.wav,Yes
Abuse_147.wav,No
Abuse_148.wav,Yes
Abuse_149.wav,Yes
Abuse_150.wav,Yes
Abuse_151.wav,Yes
Abuse_152.wav,Yes
Abuse_154.wav,No
Abuse_156.wav,Yes
Abuse_157.wav,Yes
Abuse_158.wav,Yes
Abuse_159.wav,No
Abuse_160.wav,Yes
Abuse_161.wav,Yes
Abuse_162.wav,No
Abuse_163.wav,No
Abuse_165.wav,Yes
Abuse_166.wav,Yes
Abuse_167.wav,Yes
Abuse_169.wav,No
Abuse_172.wav,No
Abuse_174.wav,No
Abuse_175.wav,Yes
Abuse_177.wav,No
Abuse_178.wav,No
Abuse_179.wav,No
Abuse_180.wav,No
Abuse_182.wav,No
Abuse_183.wav,No
Abuse_186.wav,Yes
Abuse_187.wav,Yes
Abuse_188.wav,Yes
Abuse_189.wav,Yes
Abuse_190.wav,Yes
Abuse_192.wav,No
Abuse_193.wav,Yes
Abuse_194.wav,Yes
Abuse_195.wav,Yes
Abuse_196.wav,No
Abuse_198.wav,Yes
Abuse_199.wav,No
Abuse_202.wav,No
Abuse_204.wav,No
Abuse_205.wav,No
Abuse_208.wav,Yes
Abuse_209.wav,No
Abuse_210.wav,No
Abuse_213.wav,No
Abuse_215.wav,Yes
Abuse_216.wav,Yes
Abuse_217.wav,No
Abuse_218.wav,No
Abuse_219.wav,Yes
Abuse_220.wav,No
Abuse_222.wav,Yes
Abuse_223.wav,Yes
Abuse_225.wav,No
Abuse_226.wav,No
Abuse_228.wav,Yes
Abuse_230.wav,Yes
Abuse_233.wav,Yes
Abuse_234.wav,No
Abuse_235.wav,Yes
Abuse_236.wav,No
Abuse_237.wav,Yes
Abuse_238.wav,No
Abuse_240.wav,Yes
Abuse_241.wav,Yes
Abuse_243.wav,Yes
Abuse_244.wav,No
Abuse_246.wav,No
Abuse_247.wav,Yes
Abuse_249.wav,Yes
Abuse_250.wav,Yes
Abuse_251.wav,Yes
Abuse_253.wav,Yes
Abuse_255.wav,Yes
Abuse_256.wav,No
Abuse_257.wav,Yes
Abuse_260.wav,Yes
Abuse_261.wav,No
Abuse_262.wav,No
Abuse_264.wav,No
Abuse_265.wav,Yes
Abuse_266.wav,Yes
Abuse_271.wav,Yes
Abuse_273.wav,No
Abuse_274.wav,Yes
Abuse_275.wav,No
Abuse_277.wav,No
Abuse_278.wav,No
Abuse_279.wav,No
Abuse_281.wav,Yes
Abuse_282.wav,No
Abuse_285.wav,Yes
Abuse_286.wav,No
Abuse_288.wav,No
Abuse_289.wav,No
Abuse_290.wav,Yes
Abuse_291.wav,No
Abuse_293.wav,Yes
Abuse_294.wav,Yes
Abuse_297.wav,Yes
Abuse_298.wav,Yes
Abuse_299.wav,Yes
Abuse_300.wav,Yes
Abuse_301.wav,No
Abuse_302.wav,No
Abuse_304.wav,Yes
Abuse_306.wav,No
Abuse_307.wav,Yes
Abuse_308.wav,No
Abuse_309.wav,No
Abuse_310.wav,No
Abuse_311.wav,Yes
Abuse_312.wav,No
Abuse_314.wav,No
Abuse_317.wav,No
Abuse_318.wav,No
Abuse_319.wav,No
Abuse_320.wav,No
Abuse_322.wav,No
Abuse_323.wav,No
Abuse_324.wav,Yes
Abuse_325.wav,Yes
Abuse_326.wav,Yes
Abuse_327.wav,Yes
Abuse_329.wav,No
Abuse_330.wav,No
Abuse_331.wav,No
Abuse_332.wav,No
Abuse_333.wav,Yes
Abuse_335.wav,Yes
Abuse_337.wav,Yes
Abuse_338.wav,No
Abuse_339.wav,Yes
Abuse_341.wav,Yes
Abuse_342.wav,Yes
Abuse_343.wav,Yes
Abuse_345.wav,No
Abuse_346.wav,No
Abuse_347.wav,No
Abuse_348.wav,No
Abuse_349.wav,No
Abuse_351.wav,No
Abuse_353.wav,No
Abuse_355.wav,No
Abuse_356.wav,Yes
Abuse_357.wav,No
Abuse_360.wav,No
Abuse_361.wav,No
Abuse_362.wav,Yes
Abuse_365.wav,No
Abuse_366.wav,No
Abuse_368.wav,No
Abuse_369.wav,No
Abuse_371.wav,No
Abuse_372.wav,Yes
Abuse_373.wav,No
Abuse_374.wav,Yes
Abuse_375.wav,Yes
Abuse_376.wav,No
Abuse_379.wav,No
Abuse_380.wav,Yes
Abuse_381.wav,No
Abuse_382.wav,No
Abuse_383.wav,Yes
Abuse_386.wav,No
Abuse_387.wav,Yes
Abuse_388.wav,Yes
Abuse_389.wav,Yes
Abuse_390.wav,No
Abuse_391.wav,Yes
Abuse_392.wav,Yes
Abuse_393.wav,No
Abuse_394.wav,No
Abuse_395.wav,No
Abuse_397.wav,Yes
Abuse_399.wav,Yes
Abuse_400.wav,Yes
Abuse_401.wav,Yes
Abuse_403.wav,No
Abuse_406.wav,Yes
Abuse_407.wav,No
Abuse_408.wav,No
Abuse_409.wav,Yes
Abuse_412.wav,No
Abuse_413.wav,Yes
Abuse_415.wav,No
Abuse_417.wav,Yes
Abuse_419.wav,No
Abuse_420.wav,No
Abuse_421.wav,No
Abuse_422.wav,Yes
Abuse_423.wav,Yes
Abuse_424.wav,No
Abuse_427.wav,Yes
Abuse_428.wav,Yes
Abuse_429.wav,Yes
Abuse_430.wav,Yes
Abuse_431.wav,Yes
Abuse_435.wav,No
Abuse_438.wav,Yes
Abuse_439.wav,No
Abuse_441.wav,Yes
Abuse_442.wav,No
Abuse_443.wav,No
Abuse_445.wav,Yes
Abuse_446.wav,No
Abuse_447.wav,Yes
Abuse_448.wav,Yes
Abuse_449.wav,Yes
Abuse_450.wav,No
Abuse_453.wav,Yes
Abuse_454.wav,No
Abuse_455.wav,Yes
Abuse_456.wav,No
Abuse_457.wav,No
Abuse_460.wav,Yes
Abuse_461.wav,Yes
Abuse_462.wav,Yes
Abuse_463.wav,Yes
Abuse_466.wav,No
Abuse_467.wav,No
Abuse_469.wav,No
Abuse_474.wav,No
Abuse_479.wav,No
Abuse_480.wav,Yes
Abuse_482.wav,No
Abuse_483.wav,No
Abuse_484.wav,Yes
Abuse_486.wav,Yes
Abuse_487.wav,Yes
Abuse_488.wav,No
Abuse_489.wav,Yes
Abuse_491.wav,No
Abuse_492.wav,No
Abuse_493.wav,Yes
Abuse_495.wav,Yes
Abuse_496.wav,No
Abuse_498.wav,Yes
Abuse_499.wav,No
Abuse_500.wav,No
Abuse_501.wav,Yes
Abuse_502.wav,No
Abuse_503.wav,No
Abuse_504.wav,No
Abuse_505.wav,No
Abuse_507.wav,No
Abuse_508.wav,No
Abuse_509.wav,No
Abuse_510.wav,Yes
Abuse_513.wav,Yes
Abuse_516.wav,Yes
Abuse_517.wav,Yes
Abuse_519.wav,Yes
Abuse_520.wav,No
Abuse_521.wav,Yes
Abuse_524.wav,Yes
Abuse_526.wav,No
Abuse_527.wav,Yes
Abuse_528.wav,Yes
Abuse_529.wav,Yes
Abuse_530.wav,Yes
Abuse_531.wav,No
Abuse_532.wav,Yes
Abuse_533.wav,No
Abuse_534.wav,Yes
Abuse_535.wav,No
Abuse_536.wav,No
Abuse_537.wav,No
Abuse_538.wav,Yes
Abuse_539.wav,No
Abuse_541.wav,No
Abuse_542.wav,No
Abuse_543.wav,Yes
Abuse_544.wav,No
Abuse_545.wav,No
Abuse_546.wav,No
Abuse_548.wav,Yes
Abuse_549.wav,No
Abuse_550.wav,No
Abuse_553.wav,Yes
Abuse_554.wav,No
Abuse_556.wav,No
Abuse_558.wav,Yes
Abuse_560.wav,No
Abuse_561.wav,No
Abuse_563.wav,No
Abuse_564.wav,No
Abuse_565.wav,No
Abuse_567.wav,No
Abuse_568.wav,Yes
Abuse_569.wav,No
Abuse_570.wav,No
Abuse_571.wav,No
Abuse_573.wav,Yes
Abuse_574.wav,No
Abuse_575.wav,Yes
Abuse_576.wav,Yes
Abuse_578.wav,No
Abuse_580.wav,No
Abuse_581.wav,No
Abuse_583.wav,Yes
Abuse_584.wav,No
Abuse_585.wav,Yes
Abuse_586.wav,Yes
Abuse_587.wav,No
Abuse_589.wav,No
Abuse_591.wav,No
Abuse_592.wav,Yes
Abuse_593.wav,No
Abuse_594.wav,No
Abuse_595.wav,Yes
Abuse_596.wav,Yes
Abuse_597.wav,No
Abuse_599.wav,Yes
Abuse_600.wav,Yes
Abuse_601.wav,Yes
Abuse_604.wav,No
Abuse_606.wav,No
Abuse_608.wav,Yes
Abuse_610.wav,Yes
Abuse_611.wav,No
Abuse_612.wav,Yes
Abuse_613.wav,Yes
Abuse_614.wav,Yes
Abuse_615.wav,Yes
Abuse_617.wav,Yes
Abuse_619.wav,No
Abuse_622.wav,Yes
Abuse_623.wav,No
Abuse_624.wav,Yes
Abuse_626.wav,No
Abuse_627.wav,Yes
Abuse_628.wav,No
Abuse_629.wav,Yes
Abuse_630.wav,No
Abuse_631.wav,No
Abuse_632.wav,Yes
Abuse_633.wav,No
Abuse_634.wav,Yes
Abuse_639.wav,No
Abuse_641.wav,Yes
Abuse_642.wav,Yes
Abuse_643.wav,No
Abuse_644.wav,No
Abuse_647.wav,No
Abuse_648.wav,Yes
Abuse_650.wav,No
Abuse_651.wav,Yes
Abuse_653.wav,Yes
Abuse_654.wav,Yes
Abuse_655.wav,Yes
Abuse_656.wav,Yes
Abuse_657.wav,No
Abuse_658.wav,No
Abuse_659.wav,No
Abuse_660.wav,No
Abuse_661.wav,Yes
Abuse_662.wav,No
Abuse_663.wav,Yes
Abuse_665.wav,Yes
Abuse_669.wav,No
Abuse_670.wav,No
Abuse_671.wav,Yes
Abuse_675.wav,Yes
Abuse_679.wav,No
Abuse_680.wav,No
Abuse_681.wav,Yes
Abuse_682.wav,Yes
Abuse_684.wav,No
Abuse_689.wav,No
Abuse_691.wav,No
Abuse_694.wav,Yes
Abuse_696.wav,No
Abuse_697.wav,No
Abuse_698.wav,Yes
Abuse_699.wav,No
Abuse_700.wav,No
Abuse_701.wav,Yes
Abuse_702.wav,Yes
Abuse_703.wav,No
Abuse_704.wav,Yes
Abuse_706.wav,No
Abuse_707.wav,No
Abuse_708.wav,Yes
Abuse_710.wav,No
Abuse_712.wav,No
Abuse_715.wav,Yes
Abuse_716.wav,No
Abuse_717.wav,Yes
Abuse_718.wav,No
Abuse_720.wav,Yes
Abuse_721.wav,No
Abuse_722.wav,No
Abuse_723.wav,No
Abuse_724.wav,No
Abuse_725.wav,No
Abuse_727.wav,No
Abuse_728.wav,No
Abuse_729.wav,No
Abuse_730.wav,Yes
Abuse_732.wav,No
Abuse_733.wav,Yes
Abuse_734.wav,No
Abuse_735.wav,Yes
Abuse_737.wav,No
Abuse_738.wav,No
Abuse_739.wav,Yes
Abuse_741.wav,Yes
Abuse_742.wav,No
Abuse_743.wav,No
Abuse_745.wav,No
Abuse_746.wav,Yes
Abuse_747.wav,No
Abuse_748.wav,No
Abuse_750.wav,Yes
Abuse_752.wav,No
Abuse_754.wav,Yes
Abuse_755.wav,No
Abuse_757.wav,No
Abuse_758.wav,Yes
Abuse_759.wav,No
Abuse_760.wav,No
Abuse_763.wav,No
Abuse_764.wav,Yes
Abuse_767.wav,Yes
Abuse_769.wav,No
Abuse_770.wav,Yes
Abuse_773.wav,No
Abuse_774.wav,Yes
Abuse_775.wav,No
Abuse_777.wav,Yes
Abuse_778.wav,No
Abuse_781.wav,No
Abuse_782.wav,Yes
Abuse_784.wav,Yes
Abuse_785.wav,Yes
Abuse_786.wav,Yes
Abuse_789.wav,Yes
Abuse_791.wav,Yes
Abuse_792.wav,Yes
Abuse_793.wav,Yes
Abuse_794.wav,Yes
Abuse_796.wav,Yes
Abuse_797.wav,Yes
Abuse_799.wav,Yes
Abuse_800.wav,No
Abuse_804.wav,Yes
Abuse_806.wav,No
Abuse_807.wav,No
Abuse_810.wav,No
Abuse_811.wav,Yes
Abuse_812.wav,No
Abuse_813.wav,Yes
Abuse_814.wav,No
Abuse_815.wav,No
Abuse_816.wav,Yes
Abuse_817.wav,No
Abuse_820.wav,No
Abuse_824.wav,Yes
Abuse_826.wav,Yes
Abuse_828.wav,Yes
Abuse_829.wav,No
Abuse_830.wav,No
Abuse_832.wav,No
Abuse_833.wav,No
Abuse_834.wav,No
Abuse_836.wav,No
Abuse_839.wav,No
Abuse_840.wav,Yes
Abuse_841.wav,No
Abuse_843.wav,No
Abuse_844.wav,Yes
Abuse_845.wav,Yes
Abuse_846.wav,No
Abuse_848.wav,Yes
Abuse_850.wav,No
Abuse_852.wav,No
Abuse_853.wav,Yes
Abuse_855.wav,Yes
Abuse_856.wav,Yes
Abuse_859.wav,Yes
Abuse_861.wav,No
Abuse_862.wav,No
Abuse_863.wav,Yes
Abuse_867.wav,No
Abuse_868.wav,No
Abuse_869.wav,Yes
Abuse_870.wav,No
Abuse_871.wav,Yes
Abuse_873.wav,No
Abuse_876.wav,No
Abuse_877.wav,Yes
Abuse_878.wav,Yes
Abuse_879.wav,Yes
Abuse_880.wav,Yes
Abuse_881.wav,Yes
Abuse_882.wav,Yes
Abuse_888.wav,Yes
Abuse_889.wav,Yes
Abuse_891.wav,Yes
Abuse_892.wav,No
Abuse_893.wav,Yes
Abuse_894.wav,Yes
Abuse_895.wav,Yes
Abuse_896.wav,No
Abuse_899.wav,No
Abuse_902.wav,No
Abuse_903.wav,No
Abuse_904.wav,No
Abuse_905.wav,No
Abuse_907.wav,Yes
Abuse_908.wav,No
Abuse_909.wav,Yes
Abuse_910.wav,Yes
Abuse_911.wav,No
Abuse_912.wav,Yes
Abuse_918.wav,No
Abuse_919.wav,No
Abuse_920.wav,Yes
Abuse_923.wav,Yes
Abuse_924.wav,Yes
Abuse_928.wav,No
Abuse_929.wav,No
Abuse_930.wav,No
Abuse_931.wav,No
Abuse_932.wav,Yes
Abuse_934.wav,Yes
Abuse_935.wav,Yes
Abuse_938.wav,No
Abuse_941.wav,Yes
Abuse_942.wav,No
Abuse_944.wav,Yes
Abuse_945.wav,Yes
Abuse_947.wav,No
Abuse_948.wav,No
Abuse_949.wav,No
Abuse_950.wav,Yes
Abuse_951.wav,Yes
Abuse_952.wav,No
Abuse_953.wav,Yes
Abuse_954.wav,Yes
Abuse_956.wav,No
Abuse_957.wav,Yes
Abuse_958.wav,No
Abuse_959.wav,Yes
Abuse_961.wav,Yes
Abuse_962.wav,Yes
Abuse_963.wav,Yes
Abuse_964.wav,No
Abuse_966.wav,Yes
Abuse_967.wav,No
Abuse_968.wav,Yes
Abuse_969.wav,Yes
Abuse_970.wav,Yes
Abuse_972.wav,Yes
Abuse_973.wav,No
Abuse_974.wav,Yes
Abuse_976.wav,No
Abuse_977.wav,No
Abuse_978.wav,Yes
Abuse_979.wav,No
Abuse_980.wav,Yes
Abuse_982.wav,Yes
Abuse_983.wav,No
Abuse_984.wav,No
Abuse_985.wav,No
Abuse_986.wav,No
Abuse_987.wav,No
Abuse_989.wav,No
Abuse_991.wav,No
Abuse_992.wav,Yes
Abuse_993.wav,No
Abuse_994.wav,No
Abuse_995.wav,Yes
Abuse_996.wav,Yes
Abuse_997.wav,No
Abuse_998.wav,Yes
Abuse_999.wav,No
Abuse_1000.wav,Yes
Abuse_1001.wav,No
Abuse_1002.wav,Yes
Abuse_1003.wav,No
Abuse_1004.wav,No
Abuse_1006.wav,Yes
Abuse_1007.wav,No
Abuse_1008.wav,Yes
Abuse_1009.wav,No
Abuse_1011.wav,Yes
Abuse_1012.wav,No
Abuse_1013.wav,Yes
Abuse_1015.wav,Yes
Abuse_1016.wav,Yes
Abuse_1018.wav,No
Abuse_1020.wav,Yes
Abuse_1021.wav,Yes
Abuse_1023.wav,No
Abuse_1024.wav,No
Abuse_1025.wav,Yes
Abuse_1026.wav,Yes
Abuse_1027.wav,No
Abuse_1029.wav,Yes
Abuse_1030.wav,Yes
Abuse_1031.wav,Yes
Abuse_1032.wav,Yes
Abuse_1033.wav,No
Abuse_1034.wav,No
Abuse_1035.wav,No
Abuse_1037.wav,Yes
Abuse_1040.wav,Yes
Abuse_1043.wav,Yes
Abuse_1044.wav,Yes
Abuse_1045.wav,Yes
Abuse_1046.wav,Yes
Abuse_1047.wav,Yes
Abuse_1048.wav,Yes
Abuse_1049.wav,Yes
Abuse_1050.wav,Yes
Abuse_1051.wav,No
Abuse_1052.wav,No
Abuse_1053.wav,Yes
Abuse_1057.wav,Yes
Abuse_1059.wav,No
Abuse_1061.wav,Yes
Abuse_1062.wav,Yes
Abuse_1063.wav,Yes
Abuse_1065.wav,Yes
Abuse_1067.wav,Yes
Abuse_1068.wav,Yes
Abuse_1069.wav,No
Abuse_1072.wav,No
Abuse_1073.wav,Yes
Abuse_1074.wav,Yes
Abuse_1079.wav,No
Abuse_1081.wav,No
Abuse_1082.wav,Yes
Abuse_1083.wav,Yes
Abuse_1084.wav,No
Abuse_1086.wav,No
Abuse_1089.wav,No
Abuse_1091.wav,No
Abuse_1092.wav,No
Abuse_1093.wav,No
Abuse_1094.wav,No
Abuse_1095.wav,Yes
Abuse_1097.wav,No
Abuse_1098.wav,No
Abuse_1101.wav,Yes
Abuse_1103.wav,No
Abuse_1104.wav,Yes
Abuse_1105.wav,No
Abuse_1106.wav,No
Abuse_1108.wav,Yes
Abuse_1109.wav,No
Abuse_1110.wav,Yes
Abuse_1112.wav,No
Abuse_1113.wav,Yes
Abuse_1115.wav,Yes
Abuse_1116.wav,Yes
Abuse_1123.wav,Yes
Abuse_1125.wav,Yes
Abuse_1126.wav,Yes
Abuse_1127.wav,No
Abuse_1128.wav,Yes
Abuse_1129.wav,No
Abuse_1132.wav,Yes
Abuse_1134.wav,Yes
Abuse_1135.wav,No
Abuse_1138.wav,No
Abuse_1139.wav,Yes
Abuse_1140.wav,No
Abuse_1143.wav,No
Abuse_1144.wav,No
Abuse_1145.wav,No
Abuse_1147.wav,No
Abuse_1148.wav,No
Abuse_1149.wav,No
Abuse_1151.wav,Yes
Abuse_1152.wav,No
Abuse_1154.wav,No
Abuse_1155.wav,Yes
Abuse_1156.wav,Yes
Abuse_1157.wav,Yes
Abuse_1159.wav,Yes
Abuse_1160.wav,Yes
Abuse_1161.wav,No
Abuse_1162.wav,No
Abuse_1166.wav,No
Abuse_1167.wav,Yes
Abuse_1168.wav,Yes
Abuse_1169.wav,Yes
Abuse_1170.wav,Yes
Abuse_1171.wav,No
Abuse_1172.wav,Yes
Abuse_1173.wav,Yes
Abuse_1175.wav,Yes
Abuse_1178.wav,No
Abuse_1180.wav,No
Abuse_1181.wav,No
Abuse_1184.wav,Yes
Abuse_1187.wav,No
Abuse_1188.wav,Yes
Abuse_1189.wav,Yes
Abuse_1190.wav,Yes
Abuse_1191.wav,Yes
Abuse_1192.wav,No
Abuse_1193.wav,Yes
Abuse_1197.wav,Yes
