filename,label
Abuse_1.wav,No
Abuse_2.wav,No
Abuse_4.wav,No
Abuse_5.wav,Yes
Abuse_6.wav,No
Abuse_8.wav,Yes
Abuse_9.wav,No
Abuse_10.wav,Yes
Abuse_12.wav,Yes
Abuse_13.wav,No
Abuse_15.wav,Yes
Abuse_17.wav,No
Abuse_20.wav,Yes
Abuse_21.wav,No
Abuse_22.wav,No
Abuse_23.wav,No
Abuse_24.wav,No
Abuse_25.wav,Yes
Abuse_26.wav,No
Abuse_27.wav,Yes
Abuse_28.wav,Yes
Abuse_29.wav,No
Abuse_31.wav,No
Abuse_33.wav,No
Abuse_34.wav,No
Abuse_35.wav,Yes
Abuse_36.wav,Yes
Abuse_38.wav,No
Abuse_39.wav,No
Abuse_40.wav,No
Abuse_42.wav,Yes
Abuse_44.wav,Yes
Abuse_46.wav,No
Abuse_48.wav,Yes
Abuse_49.wav,Yes
Abuse_50.wav,No
Abuse_51.wav,Yes
Abuse_53.wav,No
Abuse_54.wav,Yes
Abuse_57.wav,No
Abuse_59.wav,Yes
Abuse_60.wav,No
Abuse_62.wav,Yes
Abuse_63.wav,No
Abuse_64.wav,No
Abuse_65.wav,Yes
Abuse_66.wav,No
Abuse_67.wav,Yes
Abuse_68.wav,No
Abuse_70.wav,No
Abuse_71.wav,No
Abuse_72.wav,No
Abuse_73.wav,Yes
Abuse_74.wav,Yes
Abuse_75.wav,Yes
Abuse_79.wav,No
Abuse_80.wav,No
Abuse_81.wav,No
Abuse_82.wav,Yes
Abuse_83.wav,No
Abuse_84.wav,No
Abuse_85.wav,No
Abuse_86.wav,No
Abuse_87.wav,No
Abuse_88.wav,No
Abuse_89.wav,No
Abuse_90.wav,No
Abuse_91.wav,Yes
Abuse_92.wav,No
Abuse_94.wav,Yes
Abuse_95.wav,Yes
Abuse_97.wav,Yes
Abuse_98.wav,No
Abuse_99.wav,No
Abuse_100.wav,Yes
Abuse_102.wav,No
Abuse_103.wav,Yes
Abuse_106.wav,No
Abuse_107.wav,No
Abuse_108.wav,Yes
Abuse_109.wav,Yes
Abuse_110.wav,Yes
Abuse_111.wav,No
Abuse_112.wav,No
Abuse_113.wav,No
Abuse_114.wav,No
Abuse_115.wav,Yes
Abuse_116.wav,No
Abuse_117.wav,Yes
Abuse_119.wav,Yes
Abuse_120.wav,No
Abuse_122.wav,No
Abuse_124.wav,Yes
Abuse_125.wav,No
Abuse_126.wav,No
Abuse_127.wav,No
Abuse_128.wav,Yes
Abuse_130.wav,No
Abuse_131.wav,No
Abuse_132.wav,Yes
Abuse_133.wav,Yes
Abuse_136.wav,No
Abuse_137.wav,No
Abuse_138.wav,Yes
Abuse_140.wav,No
Abuse_142.wav,No
Abuse_144.wav,No
Abuse_146.wav,Yes
Abuse_147.wav,No
Abuse_148.wav,No
Abuse_149.wav,No
Abuse_150.wav,Yes
Abuse_151.wav,No
Abuse_152.wav,No
Abuse_154.wav,Yes
Abuse_156.wav,Yes
Abuse_157.wav,No
Abuse_158.wav,No
Abuse_159.wav,Yes
Abuse_160.wav,No
Abuse_161.wav,No
Abuse_162.wav,No
Abuse_163.wav,No
Abuse_165.wav,No
Abuse_166.wav,Yes
Abuse_167.wav,Yes
Abuse_169.wav,No
Abuse_172.wav,No
Abuse_174.wav,No
Abuse_175.wav,No
Abuse_177.wav,Yes
Abuse_178.wav,No
Abuse_179.wav,Yes
Abuse_180.wav,No
Abuse_182.wav,No
Abuse_183.wav,Yes
Abuse_186.wav,No
Abuse_187.wav,No
Abuse_188.wav,No
Abuse_189.wav,Yes
Abuse_190.wav,Yes
Abuse_192.wav,No
Abuse_193.wav,Yes
Abuse_194.wav,No
Abuse_195.wav,No
Abuse_196.wav,No
Abuse_198.wav,Yes
Abuse_199.wav,No
Abuse_202.wav,No
Abuse_204.wav,No
Abuse_208.wav,Yes
Abuse_209.wav,Yes
Abuse_210.wav,Yes
Abuse_213.wav,No
Abuse_215.wav,No
Abuse_216.wav,No
Abuse_217.wav,Yes
Abuse_218.wav,Yes
Abuse_219.wav,No
Abuse_220.wav,Yes
Abuse_222.wav,No
Abuse_223.wav,No
Abuse_225.wav,Yes
Abuse_226.wav,Yes
Abuse_228.wav,Yes
Abuse_230.wav,No
Abuse_233.wav,Yes
Abuse_234.wav,Yes
Abuse_235.wav,Yes
Abuse_236.wav,No
Abuse_237.wav,No
Abuse_238.wav,No
Abuse_240.wav,Yes
Abuse_241.wav,Yes
Abuse_243.wav,No
Abuse_244.wav,No
Abuse_246.wav,No
Abuse_247.wav,No
Abuse_249.wav,No
Abuse_250.wav,Yes
Abuse_251.wav,No
Abuse_253.wav,No
Abuse_255.wav,Yes
Abuse_256.wav,Yes
Abuse_257.wav,No
Abuse_261.wav,No
Abuse_262.wav,No
Abuse_264.wav,No
Abuse_265.wav,No
Abuse_266.wav,No
Abuse_271.wav,No
Abuse_273.wav,No
Abuse_274.wav,No
Abuse_275.wav,No
Abuse_277.wav,Yes
Abuse_278.wav,No
Abuse_279.wav,No
Abuse_280.wav,Yes
Abuse_281.wav,Yes
Abuse_284.wav,No
Abuse_285.wav,No
Abuse_287.wav,No
Abuse_288.wav,No
Abuse_289.wav,No
Abuse_290.wav,No
Abuse_292.wav,No
Abuse_293.wav,No
Abuse_296.wav,Yes
Abuse_297.wav,Yes
Abuse_298.wav,No
Abuse_299.wav,Yes
Abuse_300.wav,No
Abuse_301.wav,No
Abuse_303.wav,No
Abuse_305.wav,No
Abuse_306.wav,Yes
Abuse_307.wav,No
Abuse_308.wav,No
Abuse_309.wav,No
Abuse_310.wav,No
Abuse_311.wav,No
Abuse_313.wav,Yes
Abuse_316.wav,Yes
Abuse_317.wav,Yes
Abuse_318.wav,Yes
Abuse_319.wav,No
Abuse_321.wav,No
Abuse_322.wav,No
Abuse_323.wav,No
Abuse_324.wav,No
Abuse_325.wav,No
Abuse_326.wav,No
Abuse_328.wav,No
Abuse_329.wav,No
Abuse_330.wav,Yes
Abuse_331.wav,No
Abuse_332.wav,No
Abuse_334.wav,No
Abuse_336.wav,No
Abuse_337.wav,No
Abuse_338.wav,No
Abuse_340.wav,Yes
Abuse_342.wav,Yes
Abuse_344.wav,No
Abuse_345.wav,No
Abuse_346.wav,No
Abuse_347.wav,No
Abuse_348.wav,No
Abuse_350.wav,No
Abuse_354.wav,Yes
Abuse_355.wav,Yes
Abuse_356.wav,No
Abuse_359.wav,No
Abuse_360.wav,No
Abuse_361.wav,Yes
Abuse_364.wav,No
Abuse_365.wav,No
Abuse_367.wav,No
Abuse_368.wav,No
Abuse_370.wav,Yes
Abuse_371.wav,No
Abuse_372.wav,No
Abuse_373.wav,No
Abuse_374.wav,Yes
Abuse_375.wav,Yes
Abuse_378.wav,No
Abuse_379.wav,No
Abuse_380.wav,No
Abuse_381.wav,Yes
Abuse_382.wav,No
Abuse_385.wav,No
Abuse_386.wav,No
Abuse_387.wav,Yes
Abuse_388.wav,Yes
Abuse_389.wav,No
Abuse_390.wav,No
Abuse_391.wav,No
Abuse_392.wav,No
Abuse_393.wav,No
Abuse_394.wav,Yes
Abuse_396.wav,No
Abuse_398.wav,No
Abuse_399.wav,Yes
Abuse_400.wav,No
Abuse_402.wav,Yes
Abuse_405.wav,No
Abuse_406.wav,No
Abuse_407.wav,Yes
Abuse_408.wav,No
Abuse_411.wav,Yes
Abuse_412.wav,Yes
Abuse_414.wav,No
Abuse_416.wav,Yes
Abuse_418.wav,Yes
Abuse_419.wav,No
Abuse_420.wav,No
Abuse_421.wav,No
Abuse_422.wav,No
Abuse_423.wav,No
Abuse_426.wav,Yes
Abuse_427.wav,No
Abuse_428.wav,No
Abuse_429.wav,No
Abuse_430.wav,Yes
Abuse_434.wav,No
Abuse_437.wav,No
Abuse_438.wav,No
Abuse_440.wav,No
Abuse_441.wav,No
Abuse_442.wav,No
Abuse_444.wav,No
Abuse_445.wav,No
Abuse_446.wav,No
Abuse_447.wav,No
Abuse_448.wav,No
Abuse_449.wav,No
Abuse_452.wav,Yes
Abuse_453.wav,No
Abuse_454.wav,No
Abuse_455.wav,Yes
Abuse_456.wav,No
Abuse_459.wav,No
Abuse_460.wav,No
Abuse_461.wav,Yes
Abuse_462.wav,No
Abuse_465.wav,No
Abuse_466.wav,Yes
Abuse_468.wav,No
Abuse_473.wav,No
Abuse_478.wav,Yes
Abuse_479.wav,No
Abuse_480.wav,No
Abuse_481.wav,Yes
Abuse_482.wav,No
Abuse_483.wav,No
Abuse_485.wav,No
Abuse_486.wav,No
Abuse_487.wav,No
Abuse_488.wav,No
Abuse_490.wav,No
Abuse_491.wav,Yes
Abuse_492.wav,Yes
Abuse_494.wav,No
Abuse_495.wav,No
Abuse_497.wav,Yes
Abuse_498.wav,Yes
Abuse_499.wav,No
Abuse_500.wav,Yes
Abuse_501.wav,No
Abuse_502.wav,Yes
Abuse_503.wav,Yes
Abuse_504.wav,No
Abuse_506.wav,No
Abuse_507.wav,No
Abuse_508.wav,No
Abuse_509.wav,No
Abuse_512.wav,Yes
Abuse_515.wav,No
Abuse_516.wav,Yes
Abuse_518.wav,No
Abuse_519.wav,No
Abuse_520.wav,No
Abuse_523.wav,No
Abuse_525.wav,Yes
Abuse_526.wav,No
Abuse_527.wav,No
Abuse_528.wav,No
Abuse_529.wav,No
Abuse_530.wav,No
Abuse_531.wav,No
Abuse_532.wav,No
Abuse_533.wav,No
Abuse_534.wav,No
Abuse_535.wav,No
Abuse_536.wav,Yes
Abuse_537.wav,No
Abuse_538.wav,No
Abuse_540.wav,No
Abuse_541.wav,Yes
Abuse_542.wav,Yes
Abuse_543.wav,Yes
Abuse_544.wav,Yes
Abuse_545.wav,No
Abuse_547.wav,No
Abuse_548.wav,Yes
Abuse_549.wav,No
Abuse_552.wav,No
Abuse_553.wav,No
Abuse_555.wav,No
Abuse_557.wav,No
Abuse_559.wav,No
Abuse_560.wav,No
Abuse_562.wav,No
Abuse_563.wav,Yes
Abuse_564.wav,Yes
Abuse_566.wav,No
Abuse_567.wav,No
Abuse_568.wav,No
Abuse_569.wav,No
Abuse_570.wav,Yes
Abuse_572.wav,No
Abuse_573.wav,No
Abuse_574.wav,No
Abuse_575.wav,Yes
Abuse_577.wav,No
Abuse_579.wav,No
Abuse_580.wav,No
Abuse_582.wav,Yes
Abuse_583.wav,No
Abuse_584.wav,No
Abuse_585.wav,No
Abuse_586.wav,Yes
Abuse_588.wav,No
Abuse_590.wav,No
Abuse_591.wav,No
Abuse_592.wav,No
Abuse_593.wav,No
Abuse_594.wav,Yes
Abuse_595.wav,No
Abuse_596.wav,No
Abuse_598.wav,No
Abuse_599.wav,No
Abuse_600.wav,No
Abuse_603.wav,No
Abuse_605.wav,No
Abuse_607.wav,Yes
Abuse_609.wav,Yes
Abuse_610.wav,No
Abuse_611.wav,No
Abuse_612.wav,Yes
Abuse_613.wav,No
Abuse_614.wav,Yes
Abuse_616.wav,No
Abuse_618.wav,No
Abuse_621.wav,No
Abuse_622.wav,No
Abuse_623.wav,No
Abuse_625.wav,No
Abuse_626.wav,No
Abuse_627.wav,No
Abuse_628.wav,No
Abuse_629.wav,No
Abuse_630.wav,Yes
Abuse_631.wav,No
Abuse_632.wav,Yes
Abuse_633.wav,Yes
Abuse_638.wav,Yes
Abuse_640.wav,No
Abuse_641.wav,No
Abuse_642.wav,Yes
Abuse_643.wav,No
Abuse_646.wav,No
Abuse_647.wav,No
Abuse_649.wav,Yes
Abuse_650.wav,No
Abuse_652.wav,No
Abuse_653.wav,No
Abuse_654.wav,Yes
Abuse_655.wav,Yes
Abuse_656.wav,Yes
Abuse_657.wav,No
Abuse_658.wav,No
Abuse_659.wav,No
Abuse_660.wav,No
Abuse_661.wav,No
Abuse_662.wav,Yes
Abuse_663.wav,No
Abuse_667.wav,Yes
Abuse_668.wav,No
Abuse_669.wav,No
Abuse_673.wav,No
Abuse_677.wav,No
Abuse_678.wav,No
Abuse_679.wav,No
Abuse_680.wav,No
Abuse_682.wav,Yes
Abuse_687.wav,No
Abuse_689.wav,No
Abuse_692.wav,Yes
Abuse_694.wav,Yes
Abuse_695.wav,No
Abuse_696.wav,Yes
Abuse_697.wav,No
Abuse_698.wav,No
Abuse_699.wav,No
Abuse_700.wav,Yes
Abuse_701.wav,Yes
Abuse_702.wav,No
Abuse_704.wav,No
Abuse_705.wav,No
Abuse_706.wav,No
Abuse_708.wav,Yes
Abuse_710.wav,No
Abuse_713.wav,No
Abuse_714.wav,No
Abuse_715.wav,No
Abuse_716.wav,Yes
Abuse_718.wav,No
Abuse_719.wav,No
Abuse_720.wav,No
Abuse_721.wav,No
Abuse_722.wav,No
Abuse_723.wav,No
Abuse_725.wav,No
Abuse_726.wav,No
Abuse_727.wav,Yes
Abuse_728.wav,No
Abuse_730.wav,No
Abuse_731.wav,No
Abuse_732.wav,Yes
Abuse_733.wav,No
Abuse_735.wav,No
Abuse_736.wav,Yes
Abuse_737.wav,Yes
Abuse_739.wav,Yes
Abuse_740.wav,Yes
Abuse_741.wav,Yes
Abuse_743.wav,No
Abuse_744.wav,No
Abuse_745.wav,No
Abuse_746.wav,No
Abuse_748.wav,No
Abuse_750.wav,No
Abuse_752.wav,Yes
Abuse_753.wav,No
Abuse_755.wav,Yes
Abuse_756.wav,No
Abuse_757.wav,Yes
Abuse_758.wav,Yes
Abuse_761.wav,No
Abuse_762.wav,No
Abuse_765.wav,No
Abuse_767.wav,No
Abuse_768.wav,Yes
Abuse_771.wav,No
Abuse_772.wav,No
Abuse_773.wav,Yes
Abuse_775.wav,No
Abuse_776.wav,No
Abuse_779.wav,No
Abuse_780.wav,Yes
Abuse_782.wav,No
Abuse_783.wav,No
Abuse_784.wav,No
Abuse_787.wav,No
Abuse_788.wav,No
Abuse_789.wav,Yes
Abuse_790.wav,No
Abuse_791.wav,No
Abuse_793.wav,Yes
Abuse_794.wav,No
Abuse_796.wav,No
Abuse_797.wav,No
Abuse_801.wav,Yes
Abuse_803.wav,No
Abuse_804.wav,No
Abuse_807.wav,No
Abuse_808.wav,Yes
Abuse_809.wav,Yes
Abuse_810.wav,No
Abuse_811.wav,Yes
Abuse_812.wav,No
Abuse_813.wav,No
Abuse_814.wav,No
Abuse_817.wav,Yes
Abuse_821.wav,No
Abuse_823.wav,No
Abuse_825.wav,No
Abuse_826.wav,No
Abuse_827.wav,Yes
Abuse_829.wav,No
Abuse_830.wav,No
Abuse_831.wav,No
Abuse_833.wav,No
Abuse_836.wav,Yes
Abuse_837.wav,No
Abuse_838.wav,No
Abuse_839.wav,Yes
Abuse_840.wav,Yes
Abuse_841.wav,Yes
Abuse_842.wav,No
Abuse_843.wav,No
Abuse_845.wav,Yes
Abuse_847.wav,No
Abuse_849.wav,No
Abuse_850.wav,No
Abuse_852.wav,No
Abuse_853.wav,No
Abuse_856.wav,No
Abuse_858.wav,No
Abuse_859.wav,No
Abuse_860.wav,No
Abuse_864.wav,No
Abuse_865.wav,No
Abuse_866.wav,No
Abuse_867.wav,No
Abuse_868.wav,Yes
Abuse_870.wav,No
Abuse_873.wav,No
Abuse_874.wav,No
Abuse_875.wav,No
Abuse_876.wav,Yes
Abuse_877.wav,Yes
Abuse_878.wav,No
Abuse_885.wav,No
Abuse_886.wav,No
Abuse_888.wav,No
Abuse_889.wav,No
Abuse_890.wav,No
Abuse_891.wav,No
Abuse_892.wav,No
Abuse_893.wav,No
Abuse_896.wav,No
Abuse_899.wav,No
Abuse_900.wav,No
Abuse_901.wav,No
Abuse_902.wav,Yes
Abuse_904.wav,No
Abuse_905.wav,Yes
Abuse_906.wav,No
Abuse_907.wav,Yes
Abuse_908.wav,No
Abuse_909.wav,No
Abuse_915.wav,No
Abuse_916.wav,No
Abuse_917.wav,No
Abuse_920.wav,No
Abuse_921.wav,No
Abuse_925.wav,No
Abuse_926.wav,No
Abuse_927.wav,No
Abuse_928.wav,No
Abuse_929.wav,No
Abuse_931.wav,No
Abuse_932.wav,No
Abuse_935.wav,No
Abuse_938.wav,No
Abuse_939.wav,Yes
Abuse_941.wav,No
Abuse_942.wav,Yes
Abuse_944.wav,No
Abuse_945.wav,Yes
Abuse_946.wav,No
Abuse_947.wav,No
Abuse_948.wav,No
Abuse_949.wav,Yes
Abuse_950.wav,No
Abuse_951.wav,No
Abuse_953.wav,No
Abuse_954.wav,No
Abuse_955.wav,No
Abuse_956.wav,No
Abuse_958.wav,Yes
Abuse_959.wav,Yes
Abuse_960.wav,Yes
Abuse_961.wav,No
Abuse_963.wav,No
Abuse_964.wav,Yes
Abuse_965.wav,No
Abuse_966.wav,Yes
Abuse_967.wav,No
Abuse_969.wav,Yes
Abuse_970.wav,No
Abuse_971.wav,Yes
Abuse_973.wav,Yes
Abuse_974.wav,Yes
Abuse_975.wav,Yes
Abuse_976.wav,Yes
Abuse_977.wav,No
Abuse_978.wav,No
Abuse_979.wav,No
Abuse_980.wav,No
Abuse_981.wav,Yes
Abuse_982.wav,Yes
Abuse_983.wav,No
Abuse_985.wav,No
Abuse_987.wav,No
Abuse_988.wav,Yes
Abuse_989.wav,Yes
Abuse_990.wav,Yes
Abuse_991.wav,Yes
Abuse_992.wav,No
Abuse_993.wav,No
Abuse_994.wav,No
Abuse_995.wav,Yes
Abuse_996.wav,No
Abuse_997.wav,No
Abuse_998.wav,No
Abuse_999.wav,No
Abuse_1000.wav,No
Abuse_1002.wav,No
Abuse_1003.wav,No
Abuse_1004.wav,Yes
Abuse_1005.wav,Yes
Abuse_1007.wav,No
Abuse_1008.wav,No
Abuse_1009.wav,No
Abuse_1011.wav,Yes
Abuse_1012.wav,No
Abuse_1014.wav,No
Abuse_1016.wav,No
Abuse_1017.wav,Yes
Abuse_1019.wav,No
Abuse_1020.wav,No
Abuse_1021.wav,No
Abuse_1022.wav,No
Abuse_1023.wav,No
Abuse_1024.wav,Yes
Abuse_1025.wav,No
Abuse_1026.wav,No
Abuse_1027.wav,No
Abuse_1028.wav,Yes
Abuse_1029.wav,No
Abuse_1030.wav,No
Abuse_1031.wav,Yes
Abuse_1032.wav,No
Abuse_1038.wav,No
Abuse_1039.wav,No
Abuse_1040.wav,No
Abuse_1041.wav,Yes
Abuse_1042.wav,Yes
Abuse_1043.wav,No
Abuse_1044.wav,No
Abuse_1045.wav,No
Abuse_1046.wav,Yes
Abuse_1047.wav,No
Abuse_1048.wav,No
Abuse_1052.wav,Yes
Abuse_1054.wav,No
Abuse_1056.wav,Yes
Abuse_1057.wav,Yes
Abuse_1058.wav,No
Abuse_1060.wav,No
Abuse_1062.wav,Yes
Abuse_1063.wav,No
Abuse_1064.wav,No
Abuse_1067.wav,No
Abuse_1068.wav,No
Abuse_1069.wav,No
Abuse_1074.wav,No
Abuse_1076.wav,No
Abuse_1077.wav,No
Abuse_1078.wav,No
Abuse_1079.wav,Yes
Abuse_1081.wav,No
Abuse_1084.wav,No
Abuse_1086.wav,No
Abuse_1087.wav,Yes
Abuse_1088.wav,No
Abuse_1089.wav,No
Abuse_1090.wav,No
Abuse_1092.wav,No
Abuse_1093.wav,No
Abuse_1096.wav,No
Abuse_1097.wav,Yes
Abuse_1098.wav,No
Abuse_1099.wav,No
Abuse_1100.wav,No
Abuse_1101.wav,No
Abuse_1102.wav,No
Abuse_1103.wav,No
Abuse_1105.wav,No
Abuse_1106.wav,No
Abuse_1108.wav,Yes
Abuse_1109.wav,Yes
Abuse_1115.wav,No
Abuse_1117.wav,No
Abuse_1118.wav,No
Abuse_1119.wav,Yes
Abuse_1120.wav,No
Abuse_1121.wav,No
Abuse_1124.wav,No
Abuse_1126.wav,Yes
Abuse_1127.wav,No
Abuse_1130.wav,No
Abuse_1131.wav,No
Abuse_1132.wav,No
Abuse_1134.wav,No
Abuse_1135.wav,Yes
Abuse_1136.wav,No
Abuse_1138.wav,No
Abuse_1139.wav,No
Abuse_1140.wav,No
Abuse_1142.wav,No
Abuse_1143.wav,No
Abuse_1145.wav,No
Abuse_1146.wav,Yes
Abuse_1147.wav,No
Abuse_1148.wav,Yes
Abuse_1149.wav,No
Abuse_1150.wav,No
Abuse_1151.wav,No
Abuse_1152.wav,No
Abuse_1156.wav,Yes
Abuse_1157.wav,Yes
Abuse_1158.wav,Yes
Abuse_1159.wav,No
Abuse_1160.wav,No
Abuse_1161.wav,Yes
Abuse_1162.wav,No
Abuse_1163.wav,No
Abuse_1165.wav,No
Abuse_1168.wav,Yes
Abuse_1170.wav,No
Abuse_1171.wav,No
Abuse_1173.wav,Yes
Abuse_1176.wav,No
Abuse_1177.wav,Yes
Abuse_1178.wav,Yes
Abuse_1179.wav,No
Abuse_1180.wav,Yes
Abuse_1181.wav,No
Abuse_1182.wav,No
Abuse_1186.wav,No
Abuse_1189.wav,No
Abuse_1190.wav,No
Abuse_1191.wav,No
Abuse_1192.wav,Yes
Abuse_1195.wav,No
Abuse_1199.wav,Yes
